s,C,%,ug/m3,
Time,temp,humid,density_CO,
0 ,20.000000 ,40.185446 ,0.000000 ,
1 ,20.000033 ,40.185363 ,0.000000 ,
2 ,20.000424 ,40.184391 ,0.000000 ,
4 ,20.002126 ,40.180159 ,0.000000 ,
5 ,20.004585 ,40.174044 ,0.000000 ,
6 ,20.007494 ,40.166814 ,0.000000 ,
7 ,20.010811 ,40.158568 ,0.000000 ,
8 ,20.015286 ,40.147451 ,0.000000 ,
10 ,20.654762 ,38.508624 ,0.000000 ,
11 ,22.126888 ,35.027131 ,0.009952 ,
12 ,24.390076 ,30.846737 ,0.576492 ,
13 ,26.492292 ,27.565137 ,1.399664 ,
14 ,27.154968 ,26.889262 ,2.027341 ,
16 ,28.227717 ,25.531801 ,2.615081 ,
17 ,30.109303 ,23.179755 ,3.270466 ,
18 ,32.822110 ,20.239710 ,4.314670 ,
19 ,32.817357 ,20.259672 ,4.261440 ,
20 ,31.553878 ,21.675525 ,4.055650 ,
22 ,32.113269 ,21.057344 ,4.234246 ,
23 ,33.113482 ,20.009924 ,4.573848 ,
24 ,33.114559 ,20.020425 ,4.587775 ,
25 ,32.593064 ,20.528354 ,4.348761 ,
26 ,33.053257 ,20.109837 ,4.618403 ,
28 ,33.037288 ,20.099480 ,4.545707 ,
29 ,33.252251 ,19.909562 ,4.679117 ,
30 ,33.538335 ,19.618226 ,4.772298 ,
31 ,34.140476 ,19.044692 ,4.960177 ,
32 ,33.657106 ,19.419327 ,4.621339 ,
34 ,34.659921 ,18.409107 ,4.819405 ,
35 ,34.212636 ,18.814816 ,4.642329 ,
36 ,34.477159 ,18.506704 ,4.582747 ,
37 ,35.313369 ,17.738969 ,4.821506 ,
38 ,35.091043 ,17.979085 ,4.782643 ,
40 ,35.461784 ,17.505628 ,4.660410 ,
41 ,36.701378 ,16.521884 ,5.138861 ,
42 ,35.706307 ,17.324402 ,4.834094 ,
43 ,35.765736 ,17.295424 ,4.833041 ,
44 ,35.962807 ,17.268346 ,5.217394 ,
46 ,32.918775 ,20.131231 ,4.269640 ,
47 ,35.818448 ,17.452930 ,5.333866 ,
48 ,33.412393 ,19.686873 ,4.580242 ,
49 ,37.189760 ,16.381833 ,5.937733 ,
50 ,36.893807 ,16.684224 ,6.061627 ,
52 ,36.661647 ,17.139543 ,6.605509 ,
53 ,42.947546 ,12.804005 ,8.882412 ,
54 ,50.175674 ,9.346840 ,11.797485 ,
55 ,53.999535 ,7.918185 ,12.775678 ,
56 ,43.416902 ,12.614696 ,8.795167 ,
58 ,49.530581 ,9.655851 ,11.820548 ,
59 ,49.019141 ,9.877751 ,11.475091 ,
60 ,53.239358 ,8.225976 ,12.200903 ,
61 ,56.955054 ,6.922133 ,13.275309 ,
62 ,57.402335 ,7.069692 ,14.741817 ,
64 ,60.097698 ,6.112596 ,14.525014 ,
65 ,57.818093 ,6.708431 ,13.842694 ,
66 ,64.025357 ,5.304271 ,15.372358 ,
67 ,69.238422 ,4.430820 ,18.314173 ,
68 ,70.810982 ,4.183486 ,17.812460 ,
70 ,67.330023 ,4.868589 ,16.283846 ,
71 ,51.548395 ,9.231551 ,12.100789 ,
72 ,56.128671 ,7.314575 ,13.637579 ,
73 ,59.780495 ,6.466482 ,15.221467 ,
74 ,67.523096 ,4.631273 ,17.348059 ,
76 ,57.136178 ,7.434324 ,14.838403 ,
77 ,66.443971 ,5.127093 ,16.667813 ,
78 ,69.036557 ,4.420993 ,17.518169 ,
79 ,53.138660 ,8.542743 ,13.725771 ,
80 ,56.529532 ,7.223396 ,13.818222 ,
82 ,62.403253 ,5.767353 ,16.795714 ,
83 ,64.895281 ,5.188461 ,16.647684 ,
84 ,64.231096 ,5.531409 ,16.067744 ,
85 ,64.229796 ,5.399205 ,15.906236 ,
86 ,71.261164 ,4.083596 ,18.260908 ,
88 ,62.514671 ,5.824351 ,15.455647 ,
89 ,59.627619 ,6.307463 ,15.024753 ,
90 ,56.137152 ,9.607031 ,13.864690 ,
91 ,54.637902 ,8.071504 ,13.694883 ,
92 ,64.224773 ,5.321931 ,16.469951 ,
94 ,67.628286 ,4.757488 ,17.819290 ,
95 ,67.911084 ,4.623091 ,18.142550 ,
96 ,74.365545 ,3.534507 ,18.257597 ,
97 ,59.451124 ,6.341373 ,14.569932 ,
98 ,63.725810 ,5.379380 ,16.261192 ,
100 ,52.379847 ,8.691354 ,13.295543 ,
101 ,64.540135 ,5.307603 ,16.349117 ,
102 ,66.029020 ,4.918686 ,16.719997 ,
103 ,65.236229 ,5.216575 ,17.254969 ,
104 ,64.911804 ,5.254436 ,17.173392 ,
106 ,65.934257 ,4.941187 ,16.955480 ,
107 ,70.322643 ,4.163192 ,17.605724 ,
108 ,67.976424 ,5.356690 ,17.327413 ,
109 ,64.522403 ,5.769092 ,16.344177 ,
110 ,65.309106 ,5.224957 ,16.717079 ,
112 ,66.267917 ,5.527696 ,17.743356 ,
113 ,72.553558 ,3.992815 ,19.185512 ,
114 ,63.260995 ,5.430829 ,14.554690 ,
115 ,59.514419 ,6.755981 ,15.291165 ,
116 ,68.893194 ,4.496314 ,18.158363 ,
118 ,70.745692 ,4.107646 ,18.023293 ,
119 ,70.981011 ,4.157539 ,17.915235 ,
120 ,78.585825 ,3.123195 ,20.120219 ,
121 ,85.771088 ,2.516723 ,22.985918 ,
122 ,64.670664 ,5.146924 ,15.688169 ,
124 ,78.203526 ,3.414071 ,21.168022 ,
125 ,62.473039 ,5.720333 ,15.445793 ,
126 ,66.018179 ,5.080130 ,17.189734 ,
127 ,64.024079 ,5.402967 ,16.227472 ,
128 ,58.042044 ,6.840429 ,13.987931 ,
130 ,59.880038 ,6.308455 ,15.252921 ,
131 ,64.098489 ,5.384804 ,15.400188 ,
132 ,60.768505 ,6.344096 ,15.371176 ,
133 ,65.151281 ,5.405438 ,17.801269 ,
134 ,69.175887 ,4.327032 ,17.333538 ,
136 ,60.595579 ,6.335262 ,14.408792 ,
137 ,53.827651 ,8.099188 ,11.950919 ,
138 ,63.449152 ,5.630437 ,16.100165 ,
139 ,65.701358 ,5.223428 ,17.697898 ,
140 ,55.137999 ,7.483547 ,11.978001 ,
142 ,68.934100 ,4.905876 ,17.841328 ,
143 ,75.726753 ,3.412115 ,19.220273 ,
144 ,59.205913 ,6.588111 ,14.045931 ,
145 ,62.331240 ,5.631345 ,14.837399 ,
146 ,66.752070 ,5.041689 ,17.496632 ,
148 ,67.027797 ,4.757707 ,17.560198 ,
149 ,71.910555 ,3.928531 ,18.745061 ,
150 ,60.509633 ,6.329393 ,13.975432 ,
151 ,63.178199 ,5.637030 ,15.762741 ,
152 ,65.724234 ,4.978814 ,16.951554 ,
154 ,71.791367 ,4.155662 ,18.489703 ,
155 ,78.982143 ,3.165587 ,20.659254 ,
156 ,79.335402 ,3.368354 ,20.173514 ,
157 ,69.088206 ,4.490603 ,17.118817 ,
158 ,68.853414 ,4.508937 ,17.351186 ,
160 ,66.873214 ,4.916772 ,17.009871 ,
161 ,63.246009 ,5.867605 ,15.422908 ,
162 ,58.227690 ,7.921865 ,15.366299 ,
163 ,64.751484 ,5.471502 ,17.376626 ,
164 ,63.062908 ,5.435472 ,15.355356 ,
166 ,60.704580 ,6.145378 ,14.976624 ,
167 ,71.120515 ,4.089808 ,18.667817 ,
168 ,64.746572 ,5.408716 ,16.592859 ,
169 ,65.213890 ,5.114602 ,16.681992 ,
170 ,58.108657 ,6.933090 ,14.629735 ,
172 ,72.011320 ,3.915200 ,18.456307 ,
173 ,73.652763 ,3.721793 ,18.638911 ,
174 ,66.738134 ,4.774166 ,15.893661 ,
175 ,75.392709 ,3.592633 ,19.671793 ,
176 ,80.376817 ,3.153561 ,21.902835 ,
178 ,66.727991 ,4.909401 ,16.814123 ,
179 ,69.037377 ,4.669026 ,16.922572 ,
180 ,73.858493 ,3.907116 ,19.093301 ,
181 ,66.676843 ,5.197010 ,17.525072 ,
182 ,63.058346 ,5.850679 ,15.672612 ,
184 ,64.026834 ,5.277227 ,15.958036 ,
185 ,60.603769 ,6.263286 ,14.095926 ,
186 ,78.937104 ,3.369413 ,20.507159 ,
187 ,86.828942 ,2.378147 ,23.297267 ,
188 ,78.930847 ,3.183568 ,20.248412 ,
190 ,73.137032 ,3.737092 ,17.984565 ,
191 ,72.545758 ,3.981731 ,17.438982 ,
192 ,51.208596 ,10.122786 ,11.711021 ,
193 ,68.365098 ,4.553646 ,18.106796 ,
194 ,71.337942 ,5.514458 ,18.702039 ,
196 ,69.379684 ,5.087342 ,17.161073 ,
197 ,69.294527 ,5.237225 ,17.651492 ,
198 ,68.024533 ,4.707085 ,16.911235 ,
199 ,80.605221 ,2.938347 ,21.152313 ,
200 ,71.266754 ,3.984644 ,17.224995 ,
202 ,72.490247 ,3.984130 ,18.972182 ,
203 ,71.417956 ,4.417386 ,18.769632 ,
204 ,73.047088 ,4.116557 ,19.288318 ,
205 ,81.934411 ,2.941339 ,22.163599 ,
206 ,69.233533 ,4.301380 ,16.589906 ,
208 ,80.957573 ,2.854189 ,20.632198 ,
209 ,74.095138 ,3.655082 ,18.992069 ,
210 ,65.342760 ,5.234585 ,16.591773 ,
211 ,75.504712 ,3.485390 ,19.127543 ,
212 ,56.850678 ,7.677947 ,11.867026 ,
214 ,64.801486 ,5.720586 ,16.334392 ,
215 ,65.220981 ,5.145563 ,16.911684 ,
216 ,75.234826 ,3.558266 ,18.813906 ,
217 ,83.397890 ,2.604611 ,21.451727 ,
218 ,71.583703 ,3.907032 ,17.505201 ,
220 ,67.337393 ,4.724621 ,17.069271 ,
221 ,70.529717 ,4.353085 ,18.467415 ,
222 ,74.188565 ,3.939083 ,19.436910 ,
223 ,74.670711 ,3.545044 ,19.391965 ,
224 ,75.345039 ,3.554919 ,19.112074 ,
226 ,79.019214 ,3.016391 ,20.071224 ,
227 ,72.018871 ,4.051157 ,18.327830 ,
228 ,64.034736 ,5.386042 ,16.695934 ,
229 ,72.447810 ,3.893450 ,18.712845 ,
230 ,54.057621 ,7.928288 ,11.383991 ,
232 ,67.045335 ,4.624638 ,16.416145 ,
233 ,70.910157 ,4.519971 ,18.230393 ,
234 ,73.835816 ,4.593204 ,19.118270 ,
235 ,75.530547 ,3.490418 ,19.059646 ,
236 ,82.530286 ,2.834748 ,21.305057 ,
238 ,90.581372 ,2.143438 ,23.585418 ,
239 ,79.378328 ,3.327466 ,19.419566 ,
240 ,70.931032 ,4.032322 ,17.235153 ,
241 ,82.025775 ,2.843542 ,20.771273 ,
242 ,69.183965 ,4.957109 ,17.726656 ,
244 ,74.854649 ,3.871535 ,19.495004 ,
245 ,80.972688 ,3.000411 ,21.814496 ,
246 ,85.170113 ,2.451624 ,21.721927 ,
247 ,82.893032 ,2.705356 ,21.778585 ,
248 ,77.645165 ,3.253894 ,19.295223 ,
250 ,78.129433 ,3.087902 ,19.316803 ,
251 ,69.942077 ,4.182449 ,17.530343 ,
252 ,71.583507 ,4.079107 ,18.264327 ,
253 ,51.716430 ,9.092307 ,10.110707 ,
254 ,54.467274 ,7.567486 ,11.326989 ,
256 ,54.391393 ,7.514762 ,11.451261 ,
257 ,47.519138 ,10.217290 ,9.440997 ,
258 ,53.106127 ,8.040312 ,11.687260 ,
259 ,50.087151 ,9.215310 ,9.759108 ,
260 ,49.622758 ,9.344619 ,10.059533 ,
262 ,35.491464 ,18.210226 ,5.590189 ,
263 ,52.051456 ,8.506360 ,11.667560 ,
264 ,52.629480 ,8.086032 ,10.878304 ,
265 ,55.469087 ,7.383910 ,12.574417 ,
266 ,56.790924 ,6.999686 ,13.115629 ,
268 ,49.914351 ,9.583218 ,9.807082 ,
269 ,45.432044 ,11.389732 ,8.632209 ,
270 ,51.990137 ,8.393515 ,11.099450 ,
271 ,52.733034 ,8.168834 ,11.491064 ,
272 ,56.146641 ,7.089978 ,12.509692 ,
274 ,57.332028 ,6.819353 ,13.166731 ,
275 ,59.447343 ,6.170590 ,13.512651 ,
276 ,46.801871 ,10.573294 ,9.240472 ,
277 ,54.900060 ,7.507906 ,12.357203 ,
278 ,56.328975 ,7.185854 ,13.208228 ,
280 ,53.787555 ,7.889703 ,11.925291 ,
281 ,43.846165 ,12.098799 ,8.121581 ,
282 ,55.007921 ,7.610443 ,12.748877 ,
283 ,64.953760 ,5.155347 ,16.955932 ,
284 ,61.138440 ,5.676931 ,13.433599 ,
286 ,54.812729 ,7.433500 ,11.664601 ,
287 ,57.234591 ,7.035564 ,13.293894 ,
288 ,54.504147 ,7.648427 ,12.170323 ,
289 ,56.726855 ,6.875375 ,12.564558 ,
290 ,48.713612 ,9.824672 ,10.164671 ,
292 ,58.934041 ,6.383679 ,13.971299 ,
293 ,59.708154 ,6.205857 ,14.305755 ,
294 ,58.107196 ,6.630801 ,13.389189 ,
295 ,46.766112 ,11.377757 ,9.880691 ,
296 ,59.736724 ,6.258466 ,14.731536 ,
298 ,65.300853 ,5.306940 ,16.066280 ,
299 ,49.271801 ,10.687790 ,10.866926 ,
300 ,53.938459 ,8.330067 ,12.300354 ,
301 ,68.733737 ,4.518824 ,17.731800 ,
302 ,50.492030 ,9.444322 ,12.181613 ,
304 ,68.916362 ,4.455352 ,18.156539 ,
305 ,58.811520 ,7.006196 ,13.776867 ,
306 ,67.868698 ,4.799695 ,17.557429 ,
307 ,65.535863 ,5.139610 ,16.547172 ,
308 ,62.043906 ,6.015751 ,15.238309 ,
310 ,65.442346 ,5.262878 ,16.132193 ,
311 ,72.151528 ,3.892296 ,18.791087 ,
312 ,79.056373 ,3.047465 ,20.688334 ,
313 ,77.468746 ,3.178875 ,19.371018 ,
314 ,63.968844 ,6.149624 ,16.121285 ,
316 ,65.367232 ,5.043973 ,15.824159 ,
317 ,53.208585 ,7.902025 ,10.938559 ,
318 ,52.790082 ,8.092355 ,10.634199 ,
319 ,61.569795 ,5.803731 ,14.174260 ,
320 ,58.874884 ,6.286180 ,12.913340 ,
322 ,52.097773 ,8.336318 ,10.517523 ,
323 ,53.022106 ,8.050165 ,11.422249 ,
324 ,55.381732 ,7.110457 ,11.110925 ,
325 ,50.771865 ,8.988305 ,10.486404 ,
326 ,52.141000 ,8.375731 ,11.368015 ,
328 ,53.948604 ,7.702979 ,11.554164 ,
329 ,52.083826 ,8.310565 ,10.795523 ,
330 ,60.358951 ,5.940993 ,13.322906 ,
331 ,63.167537 ,5.346470 ,14.884786 ,
332 ,54.342146 ,7.525623 ,11.419535 ,
334 ,52.713218 ,8.048038 ,10.779913 ,
335 ,54.779566 ,7.523130 ,12.117522 ,
336 ,53.947473 ,7.869700 ,12.415993 ,
337 ,59.005625 ,6.226832 ,12.973440 ,
338 ,49.013496 ,9.634627 ,9.842192 ,
340 ,55.162516 ,7.575801 ,12.702390 ,
341 ,52.507495 ,8.623672 ,11.642546 ,
342 ,56.294157 ,7.193830 ,13.100275 ,
343 ,55.263735 ,7.379239 ,12.447095 ,
344 ,54.068899 ,8.017058 ,11.792985 ,
346 ,52.650021 ,8.294513 ,11.583676 ,
347 ,58.023407 ,6.609928 ,13.464492 ,
348 ,62.053504 ,5.734571 ,14.959245 ,
349 ,61.321852 ,5.892271 ,14.215325 ,
350 ,54.137944 ,8.035691 ,12.500490 ,
352 ,61.066457 ,5.887430 ,14.951822 ,
353 ,65.347689 ,4.998767 ,16.203880 ,
354 ,59.245331 ,6.247129 ,13.666441 ,
355 ,63.341993 ,5.380516 ,14.976359 ,
356 ,63.149307 ,5.419021 ,15.465081 ,
358 ,68.750795 ,4.516136 ,16.524829 ,
359 ,64.228117 ,5.579789 ,16.101472 ,
360 ,64.296699 ,5.224100 ,15.532028 ,
361 ,78.470252 ,3.121383 ,20.058677 ,
362 ,70.444649 ,4.120382 ,17.650261 ,
364 ,69.852783 ,5.092306 ,17.337340 ,
365 ,70.788119 ,4.102800 ,17.850729 ,
366 ,79.882432 ,2.968088 ,20.405874 ,
367 ,73.315955 ,3.787991 ,18.244755 ,
368 ,64.167383 ,5.633486 ,17.347801 ,
370 ,67.605534 ,4.796179 ,17.494662 ,
371 ,76.303788 ,3.614412 ,20.919273 ,
372 ,87.798747 ,2.345568 ,23.150702 ,
373 ,93.800955 ,1.952686 ,24.491806 ,
374 ,74.896018 ,5.116868 ,18.396960 ,
376 ,55.403432 ,7.099433 ,11.012217 ,
377 ,55.558932 ,7.091126 ,11.442715 ,
378 ,50.987893 ,8.758127 ,10.702754 ,
379 ,55.255041 ,7.280899 ,11.964797 ,
380 ,55.876270 ,7.063302 ,11.941644 ,
382 ,52.362524 ,8.361715 ,10.636140 ,
383 ,55.200589 ,7.420080 ,12.124396 ,
384 ,53.425166 ,7.954506 ,11.659147 ,
385 ,52.310006 ,8.319813 ,11.188389 ,
386 ,53.187848 ,7.966962 ,11.511743 ,
388 ,54.967979 ,7.372604 ,11.970136 ,
389 ,52.779793 ,8.166964 ,11.695124 ,
390 ,58.060519 ,6.478537 ,12.643111 ,
391 ,52.672702 ,8.374486 ,11.481366 ,
392 ,54.708872 ,7.497750 ,11.653713 ,
394 ,51.418982 ,9.067540 ,10.832101 ,
395 ,59.317306 ,6.517056 ,14.323517 ,
396 ,67.075891 ,4.801857 ,17.189840 ,
397 ,58.149863 ,6.910027 ,13.975753 ,
398 ,67.994949 ,4.726984 ,16.638078 ,
400 ,76.780650 ,3.282951 ,19.711336 ,
401 ,74.096208 ,3.664071 ,18.641989 ,
402 ,73.830833 ,3.581419 ,18.270479 ,
403 ,65.512245 ,4.966587 ,15.649177 ,
404 ,68.883302 ,4.352447 ,16.958786 ,
406 ,64.760550 ,5.389211 ,15.185426 ,
407 ,61.507319 ,6.704001 ,15.900390 ,
408 ,70.168589 ,4.208119 ,18.342617 ,
409 ,56.281755 ,7.345141 ,13.035868 ,
410 ,71.149049 ,4.177489 ,18.256055 ,
412 ,88.467751 ,2.895231 ,24.488463 ,
413 ,74.785610 ,3.912170 ,20.824371 ,
414 ,72.544875 ,3.843837 ,17.150569 ,
415 ,57.164878 ,7.242113 ,13.056119 ,
416 ,57.964236 ,7.617020 ,13.309192 ,
418 ,66.992077 ,4.752807 ,17.232580 ,
419 ,80.538994 ,3.087337 ,20.718708 ,
420 ,74.186120 ,3.749152 ,19.596672 ,
421 ,74.237856 ,3.952711 ,18.856993 ,
422 ,83.371411 ,2.743280 ,21.617900 ,
424 ,80.070650 ,3.067449 ,20.993648 ,
425 ,76.456567 ,3.426665 ,19.019375 ,
426 ,70.431616 ,4.276185 ,18.547459 ,
427 ,79.689018 ,3.606816 ,20.987831 ,
428 ,71.711579 ,4.387340 ,18.833612 ,
430 ,78.012975 ,3.183356 ,20.162995 ,
431 ,83.315010 ,2.633317 ,21.605633 ,
432 ,94.504171 ,2.011862 ,24.750532 ,
433 ,78.678933 ,3.250657 ,20.780045 ,
434 ,76.590105 ,3.888782 ,20.608849 ,
436 ,83.853105 ,2.714745 ,23.192183 ,
437 ,101.865110 ,2.220221 ,28.383932 ,
438 ,100.129090 ,1.986348 ,26.915628 ,
439 ,103.661070 ,1.749387 ,28.354929 ,
440 ,93.992990 ,2.263206 ,25.166359 ,
442 ,98.982170 ,2.563605 ,26.432445 ,
443 ,96.115477 ,3.098060 ,27.477419 ,
444 ,101.710450 ,1.987245 ,27.584390 ,
445 ,106.739830 ,1.725767 ,28.926801 ,
446 ,96.837516 ,2.360538 ,25.384549 ,
448 ,96.939353 ,2.058400 ,27.784832 ,
449 ,97.699899 ,2.429178 ,28.429474 ,
450 ,95.162940 ,2.430376 ,27.041763 ,
451 ,102.711030 ,1.749186 ,28.921212 ,
452 ,115.056110 ,1.792950 ,32.370128 ,
454 ,110.837660 ,1.973163 ,30.669549 ,
455 ,113.546260 ,1.851990 ,30.858137 ,
456 ,114.929570 ,2.214887 ,31.725703 ,
457 ,103.955710 ,1.945997 ,27.842456 ,
458 ,89.800408 ,2.884162 ,24.453360 ,
460 ,99.664091 ,2.874426 ,27.608815 ,
461 ,111.482660 ,1.783007 ,30.284540 ,
462 ,88.649455 ,2.622212 ,24.431849 ,
463 ,97.057716 ,2.465888 ,26.161154 ,
464 ,64.977068 ,6.492998 ,15.627755 ,
466 ,70.708202 ,4.097421 ,16.755203 ,
467 ,80.858785 ,3.456609 ,22.950698 ,
468 ,105.545110 ,2.262764 ,29.497052 ,
469 ,111.705050 ,2.317982 ,31.250726 ,
470 ,88.446137 ,3.138108 ,25.124000 ,
472 ,117.103340 ,1.884745 ,32.110134 ,
473 ,111.364490 ,1.690676 ,30.294901 ,
474 ,121.490250 ,1.805774 ,33.775795 ,
475 ,91.849999 ,2.831176 ,26.610143 ,
476 ,102.051850 ,2.455889 ,29.978420 ,
478 ,93.525090 ,2.164528 ,27.786136 ,
479 ,111.053060 ,2.105241 ,31.309657 ,
480 ,119.826590 ,1.823437 ,34.508521 ,
481 ,115.156490 ,1.818516 ,31.484170 ,
482 ,78.918177 ,4.059924 ,21.417505 ,
484 ,92.548608 ,2.014865 ,24.254987 ,
485 ,78.679099 ,3.370515 ,21.598880 ,
486 ,92.078972 ,2.178568 ,24.708553 ,
487 ,105.916740 ,2.108643 ,28.350095 ,
488 ,85.969142 ,3.985348 ,23.854775 ,
490 ,86.409196 ,2.569362 ,23.616527 ,
491 ,102.329560 ,1.880003 ,28.452789 ,
492 ,99.176022 ,1.937465 ,28.578500 ,
493 ,115.253810 ,2.071854 ,32.124076 ,
494 ,88.772561 ,2.858206 ,25.046963 ,
496 ,115.258410 ,1.862877 ,32.609574 ,
497 ,111.238560 ,1.892049 ,27.806191 ,
498 ,82.434600 ,3.635568 ,21.639664 ,
499 ,117.219960 ,1.877877 ,30.313249 ,
500 ,92.418372 ,3.029778 ,26.788011 ,
502 ,106.039050 ,1.893440 ,28.730054 ,
503 ,112.780460 ,2.283119 ,30.800738 ,
504 ,131.761210 ,1.923979 ,36.712469 ,
505 ,148.049610 ,2.128944 ,41.475342 ,
506 ,154.415710 ,2.212306 ,39.083741 ,
508 ,137.420480 ,1.932774 ,36.488570 ,
509 ,147.013420 ,2.062450 ,39.956058 ,
510 ,129.224580 ,1.859479 ,34.840454 ,
511 ,157.155380 ,2.141421 ,41.546662 ,
512 ,141.978520 ,2.243363 ,39.289573 ,
514 ,144.439720 ,2.042598 ,37.337579 ,
515 ,160.777180 ,2.139544 ,41.067109 ,
516 ,134.050790 ,1.936228 ,36.428634 ,
517 ,155.538780 ,2.089653 ,39.516221 ,
518 ,166.411460 ,2.247483 ,43.816602 ,
520 ,138.655020 ,1.965201 ,36.879167 ,
521 ,139.453240 ,2.009311 ,36.571095 ,
522 ,123.450500 ,2.340857 ,33.024361 ,
523 ,163.664820 ,2.266738 ,44.291855 ,
524 ,119.534460 ,2.373924 ,31.433653 ,
526 ,155.300490 ,2.174319 ,42.467158 ,
527 ,152.519150 ,2.060992 ,39.300932 ,
528 ,155.790520 ,2.071833 ,39.290349 ,
529 ,162.088330 ,2.250972 ,43.855505 ,
530 ,140.445620 ,2.270853 ,36.780060 ,
532 ,113.556490 ,2.771912 ,30.909277 ,
533 ,140.664000 ,2.494744 ,36.885358 ,
534 ,152.672210 ,2.167529 ,41.294756 ,
535 ,154.364710 ,2.071477 ,37.750132 ,
536 ,183.849850 ,2.357205 ,42.751690 ,
538 ,178.501460 ,2.376202 ,46.160474 ,
539 ,114.710770 ,2.110426 ,32.684581 ,
540 ,145.694420 ,1.996414 ,36.997207 ,
541 ,133.885500 ,2.002934 ,34.686933 ,
542 ,144.643230 ,2.047756 ,38.456142 ,
544 ,190.008420 ,2.478035 ,47.989202 ,
545 ,174.833870 ,2.274035 ,43.432413 ,
546 ,146.466480 ,2.065813 ,38.869675 ,
547 ,124.255490 ,2.155593 ,33.659273 ,
548 ,137.757100 ,1.928213 ,36.148095 ,
550 ,139.498290 ,2.083099 ,39.974342 ,
551 ,138.214410 ,1.953527 ,37.127592 ,
552 ,137.204590 ,2.053885 ,36.511740 ,
553 ,145.552060 ,2.155950 ,37.933476 ,
554 ,133.850020 ,2.635155 ,34.913089 ,
556 ,164.922430 ,2.196175 ,42.145569 ,
557 ,125.966900 ,1.886134 ,34.397248 ,
558 ,125.933270 ,1.900621 ,34.719812 ,
559 ,157.269790 ,2.141235 ,40.905098 ,
560 ,140.552580 ,1.983589 ,37.923935 ,
562 ,154.292020 ,2.071049 ,39.497277 ,
563 ,166.145110 ,2.200377 ,41.990995 ,
564 ,156.232750 ,2.190256 ,40.948663 ,
565 ,174.247660 ,2.218189 ,41.971926 ,
566 ,183.649710 ,2.339883 ,44.210580 ,
568 ,150.469780 ,2.093858 ,40.336066 ,
569 ,151.713530 ,2.021474 ,38.169333 ,
570 ,143.165680 ,1.985624 ,36.965467 ,
571 ,150.187760 ,2.218560 ,39.845263 ,
572 ,182.878720 ,2.390284 ,46.062408 ,
574 ,160.869220 ,2.114273 ,39.993914 ,
575 ,131.016740 ,1.985409 ,33.243411 ,
576 ,158.656740 ,2.153812 ,41.044143 ,
577 ,187.018840 ,2.492692 ,48.711695 ,
578 ,171.401840 ,2.271504 ,44.050741 ,
580 ,173.785080 ,2.394645 ,47.229901 ,
581 ,218.368430 ,2.646243 ,49.383482 ,
582 ,182.556080 ,2.336711 ,43.350568 ,
583 ,181.705370 ,2.311615 ,43.960565 ,
584 ,173.426800 ,2.364427 ,42.380917 ,
586 ,172.294040 ,2.286686 ,44.382574 ,
587 ,206.590980 ,2.719992 ,52.734163 ,
588 ,196.107490 ,2.580852 ,50.345809 ,
589 ,209.183670 ,2.579422 ,49.188345 ,
590 ,180.413130 ,2.371141 ,44.967764 ,
592 ,190.152690 ,2.372627 ,44.827816 ,
593 ,165.446580 ,2.263631 ,43.601540 ,
594 ,169.442990 ,2.547173 ,41.940621 ,
595 ,179.793880 ,2.348805 ,44.939283 ,
596 ,208.082860 ,2.751195 ,53.280476 ,
598 ,158.508200 ,2.351872 ,43.128528 ,
599 ,182.049900 ,2.376480 ,45.648303 ,
600 ,185.651400 ,2.479484 ,48.646995 ,
601 ,229.580630 ,2.951515 ,54.457358 ,
602 ,227.382120 ,2.927011 ,56.217485 ,
604 ,203.468310 ,2.659019 ,50.630235 ,
605 ,196.076430 ,2.501476 ,47.946097 ,
606 ,244.881200 ,2.966882 ,56.061966 ,
607 ,142.839690 ,3.611374 ,37.582664 ,
608 ,171.160690 ,2.402514 ,47.634929 ,
610 ,182.315230 ,2.363043 ,45.535679 ,
611 ,156.059450 ,2.138254 ,41.496323 ,
612 ,206.217270 ,2.635680 ,50.357601 ,
613 ,185.975280 ,2.407449 ,46.207995 ,
614 ,253.473520 ,3.106070 ,58.306716 ,
616 ,210.370990 ,2.696739 ,52.325796 ,
617 ,190.889560 ,2.632973 ,50.012284 ,
618 ,208.480130 ,2.645269 ,50.743196 ,
619 ,186.004880 ,2.460398 ,47.299208 ,
620 ,226.178540 ,2.883169 ,55.109969 ,
622 ,210.357060 ,2.658319 ,51.283578 ,
623 ,239.673980 ,2.888177 ,54.529840 ,
624 ,220.734620 ,2.800997 ,53.089145 ,
625 ,222.877410 ,2.857221 ,53.959918 ,
626 ,180.728940 ,2.390591 ,46.670249 ,
628 ,213.091990 ,2.672169 ,51.321392 ,
629 ,236.146760 ,2.943107 ,55.940350 ,
630 ,184.272660 ,2.427527 ,46.883675 ,
631 ,182.176320 ,2.405498 ,46.163695 ,
632 ,211.731390 ,2.689858 ,52.232378 ,
634 ,196.727390 ,2.420322 ,45.656273 ,
635 ,197.755020 ,2.574206 ,50.341727 ,
636 ,179.304300 ,2.454799 ,46.223621 ,
637 ,185.524350 ,2.443745 ,47.024347 ,
638 ,166.995370 ,2.273253 ,44.635145 ,
640 ,140.941340 ,2.354624 ,38.764044 ,
641 ,183.793310 ,2.387460 ,46.448955 ,
642 ,199.319070 ,2.532173 ,48.820668 ,
643 ,180.596830 ,2.359849 ,45.045794 ,
644 ,183.004530 ,2.347952 ,44.730278 ,
646 ,197.262650 ,2.503812 ,47.977410 ,
647 ,171.511680 ,2.258463 ,43.382445 ,
648 ,188.291490 ,2.479135 ,47.788121 ,
649 ,195.765120 ,2.535342 ,47.887669 ,
650 ,213.770830 ,2.753729 ,53.394924 ,
652 ,153.164610 ,1.973803 ,36.303918 ,
653 ,173.661650 ,2.355316 ,46.136159 ,
654 ,202.325240 ,2.550690 ,48.088850 ,
655 ,166.192700 ,2.614112 ,41.255691 ,
656 ,187.192400 ,2.392764 ,45.492145 ,
658 ,159.380680 ,2.132552 ,40.820300 ,
659 ,222.409500 ,2.787753 ,53.305324 ,
660 ,174.411010 ,2.184153 ,40.533309 ,
661 ,211.719400 ,2.595245 ,49.429954 ,
662 ,193.494490 ,2.479261 ,47.433702 ,
664 ,198.328790 ,2.545112 ,48.769477 ,
665 ,160.723800 ,2.208779 ,42.110265 ,
666 ,202.569390 ,2.662096 ,51.995865 ,
667 ,210.827220 ,2.694939 ,51.993350 ,
668 ,197.886320 ,2.773874 ,49.908829 ,
670 ,196.730620 ,2.415419 ,45.211996 ,
671 ,200.950040 ,2.594083 ,49.129468 ,
672 ,194.071230 ,2.473046 ,47.111989 ,
673 ,235.139270 ,2.860188 ,53.594677 ,
674 ,223.972810 ,2.722191 ,51.029958 ,
676 ,220.676170 ,2.807273 ,53.971886 ,
677 ,244.044840 ,2.924642 ,54.840606 ,
678 ,215.240490 ,2.816242 ,53.511934 ,
679 ,210.659570 ,2.658899 ,51.226480 ,
680 ,254.488810 ,3.188213 ,60.716463 ,
682 ,259.888880 ,3.338894 ,63.486441 ,
683 ,248.350040 ,3.069014 ,57.880918 ,
684 ,195.478700 ,2.485173 ,45.790752 ,
685 ,250.456730 ,3.143749 ,58.355388 ,
686 ,231.511980 ,2.879424 ,54.537639 ,
688 ,221.905950 ,2.847637 ,53.773485 ,
689 ,253.094970 ,3.268785 ,61.183657 ,
690 ,231.900630 ,2.976802 ,57.714560 ,
691 ,257.898980 ,3.118315 ,58.088650 ,
692 ,272.741980 ,3.368250 ,61.390749 ,
694 ,196.849170 ,2.761177 ,54.544286 ,
695 ,267.840430 ,3.523238 ,67.131347 ,
696 ,303.340950 ,4.012073 ,74.440887 ,
697 ,252.984690 ,3.303708 ,63.890756 ,
698 ,227.756680 ,3.128136 ,61.431538 ,
700 ,261.478220 ,3.600545 ,70.541423 ,
701 ,226.980660 ,2.971587 ,57.237559 ,
702 ,207.183930 ,2.849883 ,56.766648 ,
703 ,233.876880 ,3.206286 ,63.169768 ,
704 ,248.026310 ,3.290200 ,63.830499 ,
706 ,212.606910 ,3.004009 ,56.310028 ,
707 ,235.625360 ,3.121490 ,60.384587 ,
708 ,192.742100 ,2.675353 ,52.378941 ,
709 ,274.474660 ,3.595072 ,66.936517 ,
710 ,239.116840 ,3.235699 ,61.754302 ,
712 ,255.830260 ,3.275201 ,62.271746 ,
713 ,244.507590 ,3.244127 ,62.505028 ,
714 ,207.202990 ,2.750407 ,53.979178 ,
715 ,296.321260 ,4.183499 ,72.562468 ,
716 ,306.977080 ,4.005329 ,70.567075 ,
718 ,232.381670 ,3.064841 ,58.478697 ,
719 ,260.320450 ,3.849261 ,71.897256 ,
720 ,288.382820 ,3.768614 ,70.155806 ,
721 ,282.145910 ,3.713105 ,69.435111 ,
722 ,260.659130 ,3.382308 ,64.604290 ,
724 ,253.665170 ,3.384896 ,64.228444 ,
725 ,293.178840 ,3.856441 ,72.375347 ,
726 ,276.456020 ,3.629162 ,68.538602 ,
727 ,292.704300 ,3.802504 ,70.380302 ,
728 ,313.052980 ,3.936261 ,71.370922 ,
730 ,276.005520 ,3.581919 ,67.413902 ,
731 ,322.280770 ,4.409469 ,80.610730 ,
732 ,292.250300 ,3.931366 ,73.369792 ,
733 ,296.501450 ,3.852455 ,71.327224 ,
734 ,295.830750 ,3.765198 ,69.610881 ,
736 ,271.129970 ,3.691029 ,69.773665 ,
737 ,251.396740 ,3.427860 ,66.584404 ,
738 ,256.884190 ,3.504178 ,67.285768 ,
739 ,261.255530 ,3.639928 ,70.098191 ,
740 ,264.333620 ,3.493253 ,66.712174 ,
742 ,224.935530 ,3.099664 ,58.936887 ,
743 ,231.897950 ,3.147183 ,60.907205 ,
744 ,290.638260 ,3.882219 ,73.130217 ,
745 ,249.122120 ,3.319239 ,63.813041 ,
746 ,290.471040 ,4.014535 ,75.078890 ,
748 ,294.834140 ,3.746813 ,68.031849 ,
749 ,240.830750 ,3.142211 ,59.779169 ,
750 ,256.778430 ,3.553832 ,68.644630 ,
751 ,243.401610 ,3.319897 ,65.050035 ,
752 ,264.788770 ,3.607661 ,68.132632 ,
754 ,240.530870 ,3.071557 ,57.059363 ,
755 ,269.959310 ,3.723818 ,66.156832 ,
756 ,227.636960 ,3.236764 ,63.105462 ,
757 ,208.891670 ,3.309584 ,68.937312 ,
758 ,208.655490 ,2.913821 ,54.276250 ,
760 ,264.985920 ,3.679307 ,69.630690 ,
761 ,282.753680 ,3.740122 ,69.016792 ,
762 ,251.243700 ,3.441202 ,67.114992 ,
763 ,258.242620 ,3.427368 ,63.621169 ,
764 ,256.084190 ,3.476589 ,66.689081 ,
766 ,295.595600 ,4.030351 ,72.390302 ,
767 ,230.222720 ,3.129365 ,60.145946 ,
768 ,287.435270 ,3.988181 ,75.385252 ,
769 ,243.442300 ,3.424704 ,66.752790 ,
770 ,255.613990 ,3.288644 ,61.698785 ,
772 ,223.861530 ,3.417707 ,61.536463 ,
773 ,294.225330 ,4.166994 ,79.111314 ,
774 ,273.712290 ,3.583408 ,67.077077 ,
775 ,296.407140 ,4.159758 ,76.842231 ,
776 ,287.723400 ,3.863166 ,71.510532 ,
778 ,310.389070 ,4.408849 ,82.349820 ,
779 ,269.756880 ,3.896402 ,74.596845 ,
780 ,298.670280 ,4.069425 ,74.783386 ,
781 ,266.639480 ,3.458292 ,65.057535 ,
782 ,260.754630 ,3.388181 ,63.271781 ,
784 ,272.140760 ,3.375137 ,61.431516 ,
785 ,213.479000 ,2.901453 ,55.999784 ,
786 ,289.360600 ,3.803047 ,70.725956 ,
787 ,248.577800 ,3.397445 ,63.790317 ,
788 ,263.060840 ,3.556348 ,67.570886 ,
790 ,310.976330 ,3.934767 ,71.105626 ,
791 ,243.202300 ,3.157389 ,60.254138 ,
792 ,297.474440 ,3.966522 ,73.131170 ,
793 ,257.323720 ,3.452312 ,65.716566 ,
794 ,275.159660 ,3.955423 ,76.426475 ,
796 ,266.086950 ,3.623796 ,67.637237 ,
797 ,209.348560 ,2.772912 ,51.612727 ,
798 ,204.902340 ,2.825770 ,56.472031 ,
799 ,260.524820 ,3.602564 ,68.568152 ,
800 ,289.263250 ,3.811916 ,67.262094 ,
802 ,255.585760 ,3.151860 ,59.079941 ,
803 ,260.740170 ,3.439640 ,64.830648 ,
804 ,234.009520 ,3.206879 ,61.138162 ,
805 ,246.890680 ,3.306029 ,63.492851 ,
806 ,272.860810 ,3.605267 ,68.563507 ,
808 ,252.976190 ,3.377967 ,63.637316 ,
809 ,286.067830 ,3.721650 ,69.383774 ,
810 ,221.804820 ,2.963435 ,56.140304 ,
811 ,288.559040 ,4.115991 ,77.345928 ,
812 ,313.899720 ,4.256601 ,77.383103 ,
814 ,222.429550 ,3.014501 ,59.291190 ,
815 ,291.052910 ,3.888540 ,70.932789 ,
816 ,263.495030 ,3.541914 ,66.779434 ,
817 ,261.797980 ,3.534342 ,66.503084 ,
818 ,234.166470 ,3.279718 ,64.287196 ,
820 ,278.105700 ,3.634357 ,67.258475 ,
821 ,246.458220 ,3.281537 ,61.713369 ,
822 ,220.246030 ,3.153049 ,61.568344 ,
823 ,252.780530 ,3.493802 ,67.952808 ,
824 ,232.232190 ,3.057050 ,58.692771 ,
826 ,228.629160 ,3.312885 ,65.308025 ,
827 ,275.487430 ,3.856393 ,72.008063 ,
828 ,247.918260 ,3.184988 ,60.909000 ,
829 ,237.536880 ,3.068775 ,55.956906 ,
830 ,292.351690 ,3.795901 ,69.209850 ,
832 ,244.705380 ,3.383083 ,66.363732 ,
833 ,270.772230 ,3.431149 ,62.694154 ,
834 ,317.874950 ,4.023251 ,71.586378 ,
835 ,261.530540 ,3.570863 ,66.958422 ,
836 ,238.055870 ,3.319305 ,64.763801 ,
838 ,267.150560 ,3.621974 ,67.618122 ,
839 ,263.971360 ,3.482617 ,66.173210 ,
840 ,288.043370 ,4.141569 ,77.845948 ,
841 ,305.687140 ,4.254915 ,79.131884 ,
842 ,321.543360 ,4.129636 ,75.253932 ,
844 ,281.709090 ,3.721429 ,68.061203 ,
845 ,313.837580 ,4.302447 ,78.616856 ,
846 ,319.809920 ,6.625952 ,76.806492 ,
847 ,279.387760 ,3.926930 ,74.069713 ,
848 ,303.420480 ,4.033448 ,72.073336 ,
850 ,364.425170 ,4.807836 ,83.663496 ,
851 ,280.346880 ,4.133225 ,67.542421 ,
852 ,239.169530 ,3.365662 ,64.665878 ,
853 ,259.251410 ,3.587918 ,67.641559 ,
854 ,291.527490 ,4.000771 ,72.699738 ,
856 ,293.490340 ,3.792530 ,68.115568 ,
857 ,297.308270 ,4.185090 ,76.155031 ,
858 ,333.902240 ,4.669038 ,82.142775 ,
859 ,318.683720 ,4.203883 ,74.330479 ,
860 ,266.589840 ,3.738531 ,69.585743 ,
862 ,285.013050 ,7.816248 ,70.394770 ,
863 ,390.156160 ,6.525760 ,90.553597 ,
864 ,271.002100 ,3.630965 ,68.777085 ,
865 ,260.691010 ,3.559031 ,67.587622 ,
866 ,307.534440 ,4.213565 ,69.268635 ,
868 ,227.272130 ,3.396547 ,64.361274 ,
869 ,257.306970 ,3.407884 ,62.060527 ,
870 ,254.454810 ,3.198272 ,59.369792 ,
871 ,216.010730 ,2.935761 ,55.470945 ,
872 ,288.147800 ,3.929009 ,69.636131 ,
874 ,273.671020 ,3.631139 ,64.422314 ,
875 ,294.171890 ,3.713489 ,65.758298 ,
876 ,281.263110 ,3.547314 ,66.164478 ,
877 ,302.282370 ,3.964818 ,71.733476 ,
878 ,276.387240 ,3.770004 ,69.910838 ,
880 ,311.687480 ,3.969233 ,71.534433 ,
881 ,263.860970 ,3.488276 ,63.831320 ,
882 ,306.980150 ,3.611257 ,64.071321 ,
883 ,360.202030 ,4.311020 ,74.632447 ,
884 ,313.010970 ,4.091404 ,73.352400 ,
886 ,309.069950 ,3.747952 ,64.307800 ,
887 ,370.777020 ,4.572405 ,77.786607 ,
888 ,349.008590 ,4.165346 ,70.410282 ,
889 ,273.930030 ,3.569699 ,64.324272 ,
890 ,391.940380 ,5.398156 ,85.151021 ,
892 ,343.605730 ,4.180368 ,70.992881 ,
893 ,349.243440 ,4.295567 ,73.251890 ,
894 ,289.381700 ,3.652067 ,63.854343 ,
895 ,248.805870 ,3.522433 ,65.740167 ,
896 ,278.070110 ,4.046624 ,77.401006 ,
898 ,216.120110 ,3.160050 ,62.115945 ,
899 ,292.272800 ,3.970941 ,72.703805 ,
900 ,287.220290 ,3.950443 ,75.302457 ,
901 ,251.313780 ,3.295838 ,60.316033 ,
902 ,173.321520 ,2.289429 ,44.056310 ,
904 ,234.578560 ,3.389093 ,60.847990 ,
905 ,156.202270 ,2.127570 ,39.449501 ,
906 ,218.300600 ,2.610001 ,47.570028 ,
907 ,211.094980 ,2.896510 ,55.727885 ,
908 ,235.161490 ,2.970714 ,54.702005 ,
910 ,220.540880 ,3.034299 ,58.192958 ,
911 ,244.634520 ,3.352509 ,64.935922 ,
912 ,227.606340 ,3.050984 ,55.306882 ,
913 ,268.566770 ,3.682503 ,69.367424 ,
914 ,226.536000 ,2.991904 ,54.715910 ,
916 ,216.942690 ,2.934135 ,54.737168 ,
917 ,231.065030 ,2.948050 ,56.001485 ,
918 ,184.804010 ,2.381757 ,44.904346 ,
919 ,315.739620 ,4.217450 ,75.539909 ,
920 ,266.528610 ,3.661788 ,69.731965 ,
922 ,250.795130 ,3.278956 ,62.363921 ,
923 ,209.016120 ,2.811469 ,53.249956 ,
924 ,326.115970 ,4.668298 ,85.310899 ,
925 ,262.228990 ,3.719486 ,72.668898 ,
926 ,298.586790 ,4.175635 ,76.249801 ,
928 ,331.644360 ,4.602182 ,81.200882 ,
929 ,253.819490 ,3.684115 ,70.198728 ,
930 ,213.684380 ,2.827324 ,53.657598 ,
931 ,267.591100 ,3.685726 ,70.671738 ,
932 ,216.149970 ,2.923423 ,52.767704 ,
934 ,203.567050 ,2.963937 ,57.884910 ,
935 ,206.121530 ,2.711586 ,50.290425 ,
936 ,204.174060 ,2.611278 ,47.195580 ,
937 ,181.351710 ,2.493964 ,48.133725 ,
938 ,213.468160 ,2.857646 ,55.297335 ,
940 ,215.478300 ,3.181617 ,60.038682 ,
941 ,233.814890 ,3.410029 ,67.824847 ,
942 ,192.454100 ,2.686938 ,51.766565 ,
943 ,240.230640 ,3.171908 ,59.316552 ,
944 ,279.532300 ,3.956377 ,71.995721 ,
946 ,258.355950 ,3.662505 ,66.613707 ,
947 ,236.562060 ,3.195809 ,57.465668 ,
948 ,284.337170 ,4.049816 ,75.021156 ,
949 ,224.178260 ,3.191759 ,61.329629 ,
950 ,241.956590 ,3.528636 ,68.231624 ,
952 ,293.780050 ,3.893360 ,71.485576 ,
953 ,253.094850 ,3.593098 ,67.981776 ,
954 ,244.669650 ,3.691125 ,73.743878 ,
955 ,213.894780 ,2.970254 ,56.055368 ,
956 ,279.490540 ,3.872777 ,71.362326 ,
958 ,229.957720 ,3.068741 ,57.989245 ,
959 ,252.947870 ,3.435561 ,65.099190 ,
960 ,199.136730 ,3.078267 ,53.660169 ,
961 ,277.607250 ,3.966149 ,73.559231 ,
962 ,222.274870 ,3.054424 ,58.614298 ,
964 ,186.693320 ,2.704235 ,53.321003 ,
965 ,204.322640 ,2.949740 ,57.759286 ,
966 ,201.827750 ,2.953228 ,59.082366 ,
967 ,249.616570 ,3.739606 ,72.163131 ,
968 ,222.277930 ,3.345128 ,67.454757 ,
970 ,211.307950 ,3.189967 ,63.484750 ,
971 ,171.675580 ,2.574424 ,49.872886 ,
972 ,153.408190 ,2.248537 ,41.667267 ,
973 ,195.743280 ,2.819306 ,57.230675 ,
974 ,190.018500 ,2.806230 ,55.631759 ,
976 ,190.592860 ,2.857822 ,57.355448 ,
977 ,249.207080 ,3.443479 ,65.441920 ,
978 ,225.899060 ,3.305247 ,66.894474 ,
979 ,186.591230 ,3.018943 ,62.395183 ,
980 ,235.064350 ,3.628324 ,73.798713 ,
982 ,234.313840 ,3.499188 ,70.010809 ,
983 ,184.347070 ,2.884348 ,59.315176 ,
984 ,201.222550 ,3.018507 ,59.885706 ,
985 ,217.002390 ,3.027245 ,57.787394 ,
986 ,224.964790 ,3.608184 ,73.868079 ,
988 ,208.154720 ,2.878176 ,57.080607 ,
989 ,205.534960 ,2.853619 ,54.997989 ,
990 ,196.860490 ,2.749893 ,53.650031 ,
991 ,180.960250 ,2.699821 ,52.727383 ,
992 ,236.037460 ,3.408555 ,67.079966 ,
994 ,178.351140 ,2.580907 ,52.149371 ,
995 ,274.223540 ,4.051313 ,78.680097 ,
996 ,211.543930 ,2.744295 ,51.824046 ,
997 ,174.778790 ,2.317847 ,44.419851 ,
998 ,159.661750 ,2.235087 ,40.707033 ,
1000 ,149.936310 ,1.845157 ,32.244516 ,
1001 ,170.740510 ,2.601566 ,48.733865 ,
1002 ,178.778220 ,2.562269 ,50.753050 ,
1003 ,191.496280 ,2.581017 ,50.477675 ,
1004 ,180.076220 ,2.617490 ,52.582203 ,
1006 ,216.950930 ,3.045866 ,60.914672 ,
1007 ,132.070610 ,2.055632 ,32.724422 ,
1008 ,156.830400 ,2.274102 ,43.444807 ,
1009 ,172.436790 ,2.582441 ,45.600435 ,
1010 ,209.131500 ,3.119198 ,59.667268 ,
1012 ,185.143440 ,2.676977 ,53.556321 ,
1013 ,205.842290 ,2.864078 ,56.922823 ,
1014 ,184.886640 ,2.825430 ,57.182553 ,
1015 ,184.932010 ,2.556200 ,50.788798 ,
1016 ,199.803150 ,2.820854 ,54.404907 ,
1018 ,231.276820 ,3.249510 ,63.144237 ,
1019 ,174.443140 ,2.542240 ,51.326712 ,
1020 ,175.583030 ,2.314964 ,44.718178 ,
1021 ,188.614700 ,2.600805 ,49.343741 ,
1022 ,167.433810 ,2.335683 ,45.408968 ,
1024 ,170.575880 ,2.353626 ,43.857315 ,
1025 ,210.469150 ,2.847664 ,55.523353 ,
1026 ,186.310830 ,2.449746 ,45.995046 ,
1027 ,213.810460 ,2.873113 ,54.444112 ,
1028 ,218.675120 ,2.995238 ,58.667556 ,
1030 ,189.638410 ,2.769718 ,56.633870 ,
1031 ,182.522520 ,2.362700 ,44.247459 ,
1032 ,181.244780 ,2.497287 ,47.579524 ,
1033 ,261.432910 ,3.326976 ,62.785192 ,
1034 ,239.925760 ,3.558319 ,70.573671 ,
1036 ,197.206990 ,2.725277 ,53.262119 ,
1037 ,252.717470 ,3.661571 ,71.967446 ,
1038 ,186.506020 ,2.705625 ,53.488636 ,
1039 ,256.104980 ,3.721789 ,70.960747 ,
1040 ,192.586980 ,2.670927 ,51.827577 ,
1042 ,256.137760 ,3.465780 ,63.671518 ,
1043 ,262.400790 ,3.771109 ,71.165787 ,
1044 ,246.863530 ,3.344288 ,63.831927 ,
1045 ,223.524780 ,3.181818 ,61.900073 ,
1046 ,198.364910 ,2.903022 ,57.403460 ,
1048 ,221.586190 ,2.998667 ,57.900470 ,
1049 ,239.870500 ,3.390127 ,61.561566 ,
1050 ,234.043700 ,2.909770 ,54.885131 ,
1051 ,219.804570 ,2.816978 ,53.591949 ,
1052 ,212.671500 ,3.265933 ,51.106978 ,
1054 ,216.683050 ,2.779715 ,52.158864 ,
1055 ,187.346740 ,2.358360 ,44.524422 ,
1056 ,224.197950 ,2.707481 ,49.832175 ,
1057 ,172.072450 ,2.251952 ,42.411736 ,
1058 ,239.471980 ,3.274276 ,61.270144 ,
1060 ,224.039930 ,3.013827 ,59.275410 ,
1061 ,197.567550 ,2.670463 ,51.119697 ,
1062 ,180.271620 ,2.233791 ,39.581596 ,
1063 ,222.196510 ,3.066338 ,58.771062 ,
1064 ,232.152670 ,2.857468 ,52.883872 ,
1066 ,187.450070 ,2.462765 ,46.964579 ,
1067 ,206.683840 ,3.026699 ,53.914057 ,
1068 ,191.166170 ,2.724048 ,54.621381 ,
1069 ,233.991580 ,3.237826 ,62.872646 ,
1070 ,203.688810 ,2.481172 ,46.879658 ,
1072 ,241.055580 ,3.168229 ,60.358428 ,
1073 ,219.036220 ,2.740595 ,48.308349 ,
1074 ,245.353130 ,2.999987 ,55.301663 ,
1075 ,291.650230 ,3.611837 ,65.770364 ,
1076 ,235.678060 ,3.225027 ,62.992582 ,
1078 ,322.774510 ,4.364143 ,78.590572 ,
1079 ,273.330340 ,3.272286 ,59.560567 ,
1080 ,228.208200 ,2.890111 ,53.474884 ,
1081 ,201.761230 ,2.771852 ,54.203009 ,
1082 ,200.638560 ,2.799621 ,54.903292 ,
1084 ,186.099240 ,2.630605 ,52.423226 ,
1085 ,245.026990 ,3.275432 ,62.011778 ,
1086 ,214.452040 ,3.059917 ,59.047152 ,
1087 ,232.910080 ,3.369214 ,64.913852 ,
1088 ,233.745140 ,3.211932 ,62.738739 ,
1090 ,255.145880 ,3.287694 ,61.653600 ,
1091 ,217.335440 ,3.285104 ,65.585638 ,
1092 ,207.806360 ,2.838378 ,55.648292 ,
1093 ,185.297040 ,2.368371 ,44.610052 ,
1094 ,188.004460 ,2.547039 ,48.639176 ,
1096 ,222.919770 ,2.983444 ,57.272469 ,
1097 ,166.156170 ,2.096772 ,38.817958 ,
1098 ,180.090520 ,2.317473 ,43.789401 ,
1099 ,174.026090 ,2.327594 ,43.580039 ,
1100 ,129.337490 ,1.567890 ,22.787954 ,
1102 ,176.614240 ,2.205591 ,40.279564 ,
1103 ,223.201390 ,3.116217 ,61.723267 ,
1104 ,190.783700 ,2.804808 ,56.757492 ,
1105 ,179.856970 ,2.388729 ,41.630099 ,
1106 ,195.577990 ,2.669188 ,52.074173 ,
1108 ,148.840870 ,2.322393 ,47.232476 ,
1109 ,179.729550 ,2.555829 ,50.395642 ,
1110 ,163.432520 ,2.265382 ,43.763456 ,
1111 ,210.987510 ,2.939401 ,56.897840 ,
1112 ,194.673380 ,2.705642 ,53.586588 ,
1114 ,154.744870 ,2.189122 ,42.650859 ,
1115 ,222.550000 ,3.323970 ,67.227343 ,
1116 ,173.678600 ,2.543956 ,50.989142 ,
1117 ,171.152530 ,2.593028 ,52.383462 ,
1118 ,182.198600 ,2.740396 ,54.347388 ,
1120 ,227.963040 ,3.413471 ,68.066762 ,
1121 ,163.192130 ,2.465647 ,50.142884 ,
1122 ,216.620160 ,3.274662 ,65.068682 ,
1123 ,189.194440 ,2.636106 ,51.525127 ,
1124 ,159.390170 ,2.435241 ,48.328850 ,
1126 ,190.186790 ,2.599336 ,51.618580 ,
1127 ,184.262030 ,2.412653 ,46.212635 ,
1128 ,193.415050 ,2.823750 ,57.358931 ,
1129 ,263.602090 ,3.720961 ,72.487857 ,
1130 ,194.454340 ,2.840502 ,57.426340 ,
1132 ,194.368040 ,2.595594 ,50.530522 ,
1133 ,175.692490 ,2.519664 ,46.695712 ,
1134 ,216.901180 ,2.931022 ,56.186487 ,
1135 ,192.353860 ,2.576433 ,48.403395 ,
1136 ,184.859950 ,2.536868 ,48.792057 ,
1138 ,147.416820 ,1.893928 ,33.964205 ,
1139 ,169.102150 ,2.189592 ,39.554877 ,
1140 ,157.864870 ,2.121406 ,40.356745 ,
1141 ,158.634460 ,1.993288 ,36.010921 ,
1142 ,188.890900 ,2.386173 ,44.379051 ,
1144 ,160.357470 ,2.484284 ,49.881264 ,
1145 ,204.044720 ,2.819305 ,51.042015 ,
1146 ,203.115870 ,2.596096 ,49.233683 ,
1147 ,157.168960 ,2.261629 ,44.144178 ,
1148 ,201.096590 ,2.567667 ,48.810219 ,
1150 ,183.989840 ,2.442405 ,45.534954 ,
1151 ,234.606840 ,3.198892 ,62.020438 ,
1152 ,254.619840 ,3.430264 ,63.662016 ,
1153 ,206.928870 ,2.902774 ,55.984746 ,
1154 ,161.822320 ,2.205433 ,42.502923 ,
1156 ,228.209640 ,3.253980 ,65.536574 ,
1157 ,176.884170 ,2.350154 ,44.759909 ,
1158 ,185.589000 ,2.436657 ,46.630675 ,
1159 ,231.186420 ,3.045067 ,58.470488 ,
1160 ,198.758450 ,2.451407 ,45.108126 ,
1162 ,205.149200 ,2.768428 ,49.832763 ,
1163 ,232.779630 ,3.082588 ,59.259247 ,
1164 ,194.086960 ,2.482965 ,47.842950 ,
1165 ,221.402600 ,2.747474 ,51.015889 ,
1166 ,226.800480 ,2.990985 ,57.636397 ,
1168 ,198.462450 ,2.840200 ,53.599280 ,
1169 ,186.303280 ,2.178435 ,39.552504 ,
1170 ,193.088960 ,2.451641 ,46.575776 ,
1171 ,197.235720 ,2.325749 ,41.755546 ,
1172 ,230.966100 ,2.809867 ,52.603025 ,
1174 ,187.735730 ,2.427629 ,45.165185 ,
1175 ,212.876040 ,2.563062 ,47.131876 ,
1176 ,172.701630 ,2.088059 ,37.219464 ,
1177 ,193.235630 ,2.488016 ,47.461654 ,
1178 ,173.688330 ,2.418847 ,47.601682 ,
1180 ,167.243020 ,2.255532 ,43.045986 ,
1181 ,203.333020 ,2.718512 ,53.199902 ,
1182 ,160.227870 ,2.181918 ,41.989854 ,
1183 ,192.623460 ,2.471272 ,46.584262 ,
1184 ,185.602910 ,2.364420 ,44.777894 ,
1186 ,204.062680 ,2.781783 ,55.218687 ,
1187 ,185.016310 ,2.492739 ,48.215624 ,
1188 ,196.933820 ,2.941075 ,58.927210 ,
1189 ,183.377380 ,2.519761 ,49.072127 ,
1190 ,139.983050 ,1.863680 ,33.084498 ,
1192 ,176.551970 ,2.262492 ,42.550648 ,
1193 ,138.663190 ,2.136710 ,35.953287 ,
1194 ,194.558520 ,2.601116 ,50.319143 ,
1195 ,190.623360 ,2.465168 ,46.072487 ,
1196 ,183.112640 ,2.379117 ,44.522635 ,
1198 ,211.192760 ,2.734947 ,51.268455 ,
1199 ,198.205490 ,2.796306 ,56.413011 ,
1200 ,192.766820 ,2.648086 ,51.994613 ,