time,temp,humid,gas,smoke,defuzz
0.000000,20.000000,40.185446,0.000000,0.000000,20.694678
1.224745,20.000032,40.185367,0.000000,0.000000,20.694808
2.432421,20.000398,40.184455,0.000000,0.000000,20.696303
3.657334,20.002002,40.180467,0.000000,0.000000,20.702849
4.800846,20.004353,40.174621,0.000000,0.000000,20.712451
6.010657,20.007142,40.167689,0.000000,0.000000,20.723850
7.231704,20.010400,40.159590,0.000000,0.000000,20.737181
8.431534,20.014792,40.148678,0.000000,0.000000,20.755174
9.629831,20.684149,38.432871,0.000001,0.000003,23.951960
10.822905,22.193931,34.878332,0.018291,0.046957,27.431209
12.025162,25.481173,28.857596,0.584769,1.501265,36.614556
13.239673,27.559759,25.746554,1.170853,3.005905,42.870675
14.418463,27.899484,25.510152,1.584187,4.067051,43.872230
15.640912,29.103159,24.002718,2.016280,5.176353,47.392733
16.819702,31.050475,21.625953,2.463972,6.325702,53.054754
18.042150,33.494523,19.058899,3.111268,7.987492,58.966200
19.220940,34.760728,17.807710,3.337572,8.568478,63.882816
20.443389,32.633748,20.012644,3.069341,7.879855,56.606837
21.622179,33.418939,19.225153,3.305224,8.485432,60.043608
22.800969,33.886729,18.704652,3.303562,8.481165,61.455057
24.023418,34.814176,17.792916,3.428993,8.803180,64.297530
25.202208,32.322838,20.277164,2.865390,7.356254,54.829123
26.424656,33.835500,18.799985,3.389347,8.701397,61.299700
27.603446,34.255000,18.385400,3.465896,8.897922,62.576177
28.825895,33.903300,18.713860,3.329365,8.547409,61.505256
30.004685,34.965847,17.746500,3.650713,9.372399,64.768759
31.208127,34.168291,18.456033,3.375076,8.664760,62.311334
32.424217,35.089129,17.627629,3.479783,8.933572,65.153175
33.601079,33.207771,19.469154,3.132238,8.041328,58.519296
34.817169,34.825403,17.896567,3.689294,9.471447,64.332298
36.033259,36.702519,16.163587,3.891361,9.990207,70.311423
37.210120,33.557516,18.996155,3.162236,8.118341,59.605955
38.426210,36.249161,16.490825,3.655845,9.385574,68.836539
39.603071,34.211559,18.396147,3.298205,8.467412,62.239384
40.819162,35.597196,17.215981,3.833788,9.842401,66.750969
42.035252,36.445354,16.335815,3.655352,9.384308,69.472332
43.212113,36.457010,16.277835,3.653053,9.378405,69.510194
44.428203,34.896307,17.658714,3.292514,8.452802,63.971155
45.605064,36.287257,16.528445,3.712603,9.531288,68.959635
46.821154,35.758740,16.922899,3.589111,9.214250,67.264088
48.037244,35.145109,17.498759,3.455157,8.870350,65.328003
49.214106,37.862264,15.230179,4.060725,10.425013,74.041706
50.430196,35.517017,17.185964,3.513690,9.020622,66.497325
51.606859,36.940278,16.046207,4.054057,10.407893,71.087090
52.806922,35.814008,16.879011,3.613279,9.276294,67.440025
54.006985,38.857212,14.472263,4.286147,11.003735,76.755137
55.207048,35.707262,17.059703,3.759206,9.650929,67.100217
56.407111,37.129034,15.929957,4.081470,10.478272,71.699517
57.607174,35.251859,17.648649,3.968181,10.187427,65.662395
58.814226,37.393981,15.828921,4.600331,11.810331,70.789569
60.001807,38.844631,14.788656,5.124381,13.155714,75.384945
61.220640,40.048676,14.030002,5.580300,14.326187,80.197591
62.408221,43.145252,12.134767,6.491770,16.666182,79.470291
63.616141,46.204103,10.329310,6.714126,17.237032,79.131430
64.822376,45.123525,11.014844,6.824170,17.519547,78.942339
66.013118,48.460924,9.414093,7.828418,20.097730,78.258876
67.203859,45.099877,11.034001,6.808924,17.480405,78.969353
68.405210,44.024800,11.573562,6.629925,17.020866,79.266666
69.622546,47.165776,10.130793,7.941829,20.388888,78.495815
70.822528,48.746343,9.460624,8.483177,21.778680,78.226613
72.022510,51.393890,8.411268,9.049893,23.233598,78.301719
73.214875,48.955657,9.450569,8.335898,21.400574,78.112274
74.407626,54.241488,7.649067,10.188659,26.157128,79.541131
75.600377,54.432287,7.522416,10.381883,26.653189,79.603027
76.809499,53.574531,7.722914,10.148578,26.054229,79.303007
78.018621,51.139492,8.506971,9.130641,23.440900,78.164577
79.202017,52.020546,8.459516,9.064263,23.270490,78.622393
80.418856,51.265296,8.559371,9.049742,23.233210,78.232889
81.617370,55.220653,7.119199,9.895725,25.405084,79.828780
82.806603,54.120045,7.498487,9.316084,23.916983,79.500292
84.008777,54.520220,7.395167,10.359936,26.596844,79.630591
85.221213,54.847656,7.404345,11.417181,29.311088,79.570609
86.416126,56.956240,6.883138,12.695251,32.592247,77.964766
87.602236,60.260967,5.828718,12.431866,31.916067,77.668879
88.820624,56.367965,6.926805,11.420648,29.319987,79.566108
90.012860,56.988723,6.973394,13.142901,33.741491,78.883097
91.202559,53.918397,7.776423,11.091159,28.474097,79.429984
92.419410,57.399016,7.333088,12.359845,31.731167,77.838279
93.613450,54.738166,7.693651,10.906111,27.999027,79.696344
94.821383,48.904641,10.796474,9.713129,24.936310,78.140356
96.007304,49.534898,10.374447,9.618930,24.694474,77.782625
97.217582,48.441305,10.138401,10.178872,26.132002,78.388466
98.418859,57.446614,6.457178,10.822466,27.784288,80.124657
99.626301,57.042072,6.705112,11.367254,29.182909,79.633934
100.825600,53.328139,7.928505,10.698293,27.465501,79.206601
102.019010,44.961879,11.312065,7.365980,18.910524,77.823990
103.204510,49.740650,9.165478,8.983147,23.062243,77.661033
104.417590,50.221211,8.966106,9.178693,23.564264,77.638235
105.603100,53.681707,7.503863,9.402260,24.138224,79.343536
106.806230,49.829253,9.061557,8.940322,22.952300,77.607945
108.023390,56.305774,6.877276,11.320167,29.062024,79.690798
109.211610,55.438525,7.290078,12.037856,30.904532,78.536880
110.402150,57.966302,6.581588,12.116191,31.105639,78.376200
111.603990,51.209433,8.995540,10.260680,26.342027,78.202650
112.814690,56.152531,7.387612,12.012911,30.840490,78.586730
114.001270,49.751290,9.520487,9.775643,25.096800,77.654689
115.201190,52.164564,8.250806,9.382731,24.088085,78.692495
116.420260,68.832168,4.217707,15.409384,39.560185,80.297275
117.622950,64.437216,5.141040,14.116817,36.241804,80.087754
118.802630,58.261620,6.294014,11.056812,28.385919,79.958133
120.000450,60.129297,5.818495,12.011100,30.835842,78.590319
121.216700,55.934825,7.067020,11.078709,28.442135,79.939162
122.416930,52.703841,8.205965,9.902142,25.421560,78.942571
123.601870,43.985634,12.547707,8.274280,21.242383,79.112162
124.820510,54.079171,7.741653,11.364545,29.175955,79.486300
126.013690,55.785820,6.991673,10.912075,28.014338,79.960895
127.204160,54.134151,7.696686,11.208485,28.775306,79.505090
128.415230,51.169613,9.332017,9.241311,23.725022,78.181003
129.614480,50.015718,9.866452,9.313724,23.910926,77.514161
130.822400,63.514890,5.147407,13.685991,35.135754,79.698047
132.002680,54.217860,7.439183,9.698996,24.900027,79.533283
133.211070,56.373680,6.841719,9.785968,25.123308,80.072380
134.405230,54.833163,7.083178,9.409899,24.157834,79.723842
135.606020,55.791842,7.033590,10.442579,26.809011,79.962165
136.806810,60.208685,5.769138,11.643384,29.891814,79.245616
138.007600,44.253088,11.895430,6.813663,17.492573,78.960982
139.212720,46.362845,10.771164,8.062001,20.697403,78.732485
140.423680,53.120631,7.721659,9.471892,24.316987,79.121950
141.601960,54.970316,7.408819,10.960367,28.138318,79.762333
142.804100,47.598785,9.962896,7.825548,20.090363,78.252705
144.002930,52.483833,8.065389,9.899109,25.413772,78.842955
145.206240,47.695995,10.056487,7.904242,20.292391,78.418725
146.403370,48.241381,9.543971,7.783776,19.983122,78.162177
147.621490,50.947764,8.569348,9.014238,23.142063,78.058630
148.804330,51.047023,8.516705,8.774711,22.527130,78.113752
150.022320,56.899788,6.661123,10.701077,27.472649,80.150569
151.211570,51.899648,8.583968,9.804308,25.170391,78.562486
152.411430,61.569335,5.612978,13.164026,33.795724,78.921237
153.600650,54.195886,7.626639,10.093590,25.913059,79.525943
154.823750,58.235678,6.400688,11.787579,30.262001,79.006742
156.013230,57.357799,6.544234,11.037075,28.335247,79.974693
157.218690,49.983688,9.069083,8.664308,22.243694,77.514523
158.419960,54.491182,7.222577,9.375415,24.069303,79.621540
159.619750,53.757155,7.715690,10.248361,26.310400,79.371565
160.803110,50.131414,9.536636,9.358988,24.027131,77.584297
162.007620,48.905477,9.860544,8.954430,22.988518,78.139895
163.206540,54.484588,8.211848,11.281957,28.963929,79.619477
164.421860,48.327864,10.557247,9.405252,24.145904,78.447187
165.620870,54.212423,7.554662,10.605195,27.226493,79.531473
166.801780,58.063943,6.422180,11.916923,30.594062,78.772403
168.021150,49.536032,9.244595,9.245835,23.736636,77.781961
169.218260,51.461583,8.359221,9.304482,23.887200,78.337565
170.425300,54.787561,7.441830,10.301794,26.447576,79.710731
171.620400,52.891738,7.911146,9.296756,23.867364,79.024967
172.812910,51.610047,8.175960,8.532300,21.904791,78.415147
174.022600,49.140421,9.165316,8.055989,20.681969,78.009149
175.214580,52.609610,7.981968,9.547500,24.511093,78.900315
176.420820,53.499692,7.716016,10.185903,26.150053,79.274200
177.619040,56.433411,6.913155,11.768582,30.213231,79.039583
178.819950,53.278895,7.811713,10.283337,26.400194,79.186796
180.012010,50.863872,9.004614,8.931085,22.928584,78.011575
181.218520,49.673738,9.218600,8.565536,21.990119,77.700805
182.401590,46.931658,10.704058,8.798032,22.587000,79.100127
183.608930,53.726458,7.935062,10.584446,27.173224,79.360206
184.823090,50.615011,9.085020,9.238921,23.718886,77.869730
186.009930,48.479851,9.747724,8.617164,22.122663,78.368307
187.204370,54.155666,7.302609,9.071007,23.287804,79.512384
188.424210,50.277755,8.752113,8.532261,21.904692,77.671980
189.602420,53.429984,7.656577,9.721168,24.956948,79.246998
190.821270,57.406464,6.658025,12.162488,31.224497,78.278376
192.001230,63.343299,5.267254,14.080391,36.148289,80.063585
193.206200,54.491596,7.300028,9.892782,25.397529,79.621669
194.402280,55.815914,6.790612,9.602359,24.651932,79.967225
195.617440,64.480466,4.992351,13.960609,35.840776,79.972766
196.813060,51.115455,8.799860,10.246769,26.306313,78.151407
198.002370,53.413226,7.828506,9.665008,24.812770,79.240404
199.210300,62.065658,5.780507,13.361371,34.302365,79.253075
200.404940,54.554473,7.466712,10.732144,27.552405,79.641169
201.600880,59.311888,6.259905,11.808703,30.316234,78.969743
202.806260,62.022185,5.638001,12.968106,33.292742,78.548848
204.013230,52.906839,7.914908,9.832778,25.243481,79.031482
205.201060,48.651685,9.597626,8.834034,22.679428,78.277450
206.405240,49.334139,9.232755,8.559727,21.975206,77.899016
207.604380,52.031751,8.263263,9.826430,25.227185,78.627897
208.820790,54.302912,7.410909,10.028711,25.746496,79.561371
210.012380,58.848351,6.245371,12.277054,31.518619,78.027306
211.219200,50.546147,8.949529,9.067487,23.278766,77.829859
212.420420,66.162837,4.690661,14.586512,37.447642,80.272032
213.602430,61.573173,5.595956,13.175487,33.825148,78.941729
214.821000,69.462196,4.132845,15.941524,40.926337,80.297275
216.010460,71.878829,3.920486,17.038754,43.743231,80.297275
217.225760,60.158208,5.758034,11.617196,29.824581,79.286393
218.410660,59.635038,5.849042,10.866697,27.897841,80.098220
219.623680,57.722505,6.402302,10.835645,27.818121,80.117048
220.824500,59.374212,6.024640,11.958159,30.699928,78.693844
222.006410,54.159316,7.485394,10.303029,26.450748,79.513619
223.207780,52.365273,8.049667,9.595922,24.635407,78.787890
224.416310,58.329074,6.197037,10.808901,27.749463,80.132365
225.601200,37.923975,16.308933,5.267237,13.522466,73.245785
226.814990,50.538345,8.701878,8.826452,22.659962,77.825311
228.018520,45.371638,11.209172,6.759338,17.353105,79.055413
229.215680,49.911352,9.394007,8.879147,22.795246,77.558394
230.415820,49.994066,8.926552,8.781043,22.543385,77.508192
231.620770,54.561028,7.622523,10.358311,26.592673,79.643179
232.813800,62.268410,5.572927,13.400516,34.402859,79.313500
234.010670,59.346642,6.042757,12.061722,30.965804,78.488579
235.212450,57.260741,7.007862,11.091112,28.473976,79.928181
236.420770,40.648900,14.496935,6.540057,16.790149,79.401740
237.605790,49.860316,9.257857,9.305642,23.890178,77.589283
238.819140,54.417293,7.821862,11.476062,29.462249,79.491999
240.029010,50.771102,9.358514,9.102801,23.369429,77.959130
241.228250,46.432703,10.588487,8.105041,20.807900,78.813489
242.421100,52.488024,7.975552,9.176322,23.558178,78.844883
243.600700,52.067998,7.934558,8.426182,21.632357,78.645632
244.809380,55.488536,6.990899,9.670078,24.825786,79.894466
246.015360,54.051344,7.585091,10.104195,25.940286,79.476685
247.217130,61.579001,5.666124,13.390889,34.378145,79.298810
248.413390,51.976842,8.471532,10.477526,26.898730,78.600825
249.615240,53.816128,7.793117,10.518500,27.003922,79.393149
250.807060,48.138421,10.814257,8.491732,21.800644,78.543399
252.016380,49.251930,9.380960,8.196078,21.041617,77.945985
253.220760,49.738326,9.022995,8.265782,21.220568,77.662418
254.425030,55.048486,7.182569,10.465266,26.867256,79.783587
255.619670,55.115224,7.306415,11.053605,28.377686,79.801385
256.822380,48.145252,10.132634,7.872636,20.211252,78.352805
258.008290,43.120502,12.837045,6.379795,16.378711,79.618298
259.211740,51.096334,8.618255,9.713097,24.936227,78.140893
260.404110,58.951570,6.212026,12.292290,31.557735,77.992982
261.619680,53.189663,8.120751,10.697429,27.463283,79.150460
262.808350,54.331803,7.721742,10.435313,26.790358,79.570780
264.016550,45.308792,11.533214,7.471299,19.180906,77.574261
265.210460,58.708062,6.126780,11.198822,28.750499,79.824709
266.407700,64.087705,5.021910,13.518088,34.704700,79.483948
267.609980,70.740142,3.964592,16.706057,42.889106,80.297275
268.804490,62.467267,5.352949,12.797526,32.854817,78.192130
270.006020,58.857905,6.009047,10.796830,27.718471,80.138974
271.202830,58.657800,6.235221,11.363993,29.174539,79.637962
272.408140,67.914765,4.507583,15.503470,39.801729,80.297275
273.609220,59.069715,6.112158,11.742961,30.147454,79.083221
274.801180,51.277045,8.305782,8.606474,22.095218,78.239213
276.014370,52.296640,7.974471,8.928482,22.921901,78.755565
277.213040,52.291019,8.036821,9.406464,24.149016,78.752907
278.418000,51.911163,8.126491,9.097643,23.356186,78.568235
279.612160,53.540085,7.626558,9.880519,25.366048,79.289807
280.818000,58.329922,6.365888,11.970447,30.731474,78.670082
282.023830,52.492389,8.131845,10.252406,26.320783,78.846890
283.209140,50.490303,8.846297,8.371950,21.493131,77.797348
284.410580,49.272887,9.332417,7.578799,19.456891,77.694220
285.615940,51.347481,8.271019,8.643051,22.189121,78.277004
286.816220,52.614554,7.877288,9.284858,23.836818,78.902546
288.023730,50.474721,8.618805,8.481647,21.774752,77.788252
289.201910,50.803861,8.488845,8.545961,21.939864,77.977737
290.400880,54.626386,7.310929,10.374820,26.635056,79.663080
291.603450,57.193503,6.652893,11.786521,30.259285,79.008581
292.821630,58.201883,6.381303,11.760481,30.192432,79.053461
294.006050,57.068760,6.694303,10.950221,28.112270,80.042012
295.218720,50.147062,9.086444,9.246478,23.738286,77.593725
296.413180,52.858958,8.305097,10.222552,26.244140,79.010770
297.604790,55.716483,7.690379,11.878158,30.494542,78.844581
298.829310,55.318298,7.756780,10.982700,28.195653,79.853392
300.012720,50.986237,8.766552,8.825629,22.657850,78.080050
301.205710,53.496774,7.885163,9.408533,24.154326,79.273068
302.402690,51.624731,8.592787,9.215509,23.658780,78.422733
303.617740,61.520091,5.814976,13.335883,34.236930,79.212754
304.825110,61.320520,5.762584,13.491680,34.636904,79.447125
306.019480,55.042979,7.533990,9.777061,25.100441,79.782103
307.222210,46.688351,10.462239,7.538869,19.354378,77.598784
308.424940,56.707336,6.569000,10.157822,26.077962,80.124256
309.600940,57.993441,6.217622,10.498606,26.952847,80.253664
310.816260,56.725788,6.525571,9.766476,25.073267,80.126893
312.011720,52.537847,7.939654,9.169008,23.539399,78.867713
313.207180,55.842882,6.868880,9.840952,25.264466,79.972858
314.407730,51.892195,8.095003,8.898068,22.843821,78.558758
315.610820,49.727723,8.924425,8.332716,21.392405,77.668725
316.814610,51.369348,8.294257,8.649342,22.205271,78.288673
318.012610,50.269367,8.682721,8.362651,21.469257,77.666995
319.210600,48.539178,9.497849,8.183572,21.009510,78.337163
320.408600,46.480725,10.999937,7.136573,18.321572,78.333408
321.606600,47.905502,10.022789,7.924475,20.344337,78.460416
322.810040,55.474399,7.051890,10.105197,25.942857,79.891138
324.008040,57.621516,6.301370,10.321975,26.499387,80.226904
325.212860,51.536381,8.342383,8.276925,21.249173,78.376800
326.400780,40.856223,13.906315,5.913112,15.180607,80.067986
327.608080,59.038531,6.321355,12.373301,31.765714,77.806949
328.808950,61.682840,5.651993,13.555655,34.801145,79.534867
330.009820,61.755396,5.542707,13.380999,34.352754,79.283606
331.210700,62.451707,5.298562,12.806108,32.876851,78.210797
332.413430,61.914268,5.503527,12.801950,32.866173,78.201761
333.614120,64.050134,5.203600,14.276130,36.650805,80.175743
334.817590,58.916457,6.080639,11.184421,28.713527,79.839345
336.020730,69.459935,4.152903,15.552889,39.928602,80.297275
337.207450,67.186481,4.442168,14.338431,36.810749,80.202532
338.423240,60.556712,5.631932,11.530225,29.601303,79.415935
339.622070,60.704558,5.579395,11.334385,29.098526,79.673927
340.807900,55.841220,6.813028,9.932728,25.500081,79.972512
342.000400,55.797125,6.884920,10.292756,26.424373,79.963278
343.209960,56.329685,6.934054,11.680473,29.987031,79.186478
344.426450,59.476575,6.115342,12.497338,32.084150,77.511069
345.617760,56.467186,6.780801,11.062124,28.399555,79.953587
346.813010,54.432574,7.284894,9.801514,25.163219,79.603118
348.019520,51.865846,8.134669,8.959863,23.002465,78.545544
349.215860,56.064962,6.903118,10.849942,27.854826,80.017083
350.419340,56.178542,6.808753,10.527093,27.025983,80.038260
351.609180,53.977280,7.485999,9.444065,24.245547,79.450850
352.820910,58.038572,6.444171,11.303381,29.018931,79.710417
354.006230,52.367177,8.191853,9.678911,24.848462,78.788782
355.205750,52.107479,8.150106,9.571042,24.571533,78.664867
356.405270,50.889422,8.561006,8.739599,22.436986,78.025978
357.610600,55.113511,7.039018,9.792225,25.139371,79.800934
358.811800,57.800222,6.385703,10.533744,27.043057,80.240745
360.010570,56.052955,6.754849,9.745128,25.018461,80.014782
361.207660,55.395042,6.884251,9.375408,24.069285,79.872172
362.403880,58.686067,6.243067,11.805657,30.308414,78.975110
363.606300,58.933145,6.262986,12.477575,32.033415,77.559034
364.804180,55.715003,7.016350,10.791466,27.704702,79.945678
366.002050,56.076461,6.855231,10.492451,26.937047,80.019280
367.224890,50.279685,8.770304,8.265044,21.218673,77.673125
368.419030,54.076162,7.510289,9.207423,23.638021,79.485262
369.611710,47.504469,9.974322,7.428176,19.070198,77.677640
370.806600,57.653753,6.479080,11.587097,29.747309,79.332251
372.021360,59.892375,5.855394,11.774858,30.229342,79.028778
373.214990,55.995672,6.808938,9.849713,25.286959,80.003709
374.420280,56.954148,6.719036,10.704195,27.480653,80.157516
375.623390,52.154437,8.102523,9.133109,23.447238,78.687613
376.815320,49.094989,9.156372,7.792845,20.006405,78.034735
378.003580,59.892396,6.272535,12.671146,32.530365,77.909771
379.219060,55.353846,7.428407,11.093616,28.480404,79.862130
380.409170,58.498226,6.188658,10.711348,27.499016,80.181424
381.602020,54.838903,7.246950,9.811481,25.188807,79.725484
382.817380,62.960254,5.149314,12.286067,31.541759,78.006985
384.010230,56.905983,6.494911,10.106539,25.946302,80.151366
385.207230,53.698941,7.726601,9.738390,25.001161,79.349971
386.417570,55.037553,7.304491,10.066263,25.842902,79.780639
387.617390,60.459819,5.875325,12.737431,32.700535,78.059721
388.807880,55.232710,7.180057,10.187056,26.153013,79.831847
390.000720,51.904962,8.201293,9.187037,23.585684,78.565140
391.213820,55.050226,7.727683,10.728953,27.544213,79.784055
392.400930,48.523496,9.866345,8.650278,22.207674,78.345426
393.601330,57.735655,6.420013,10.684484,27.430050,80.193133
394.801730,55.397900,7.236266,10.927224,28.053231,79.872866
396.011370,55.091145,7.574867,11.287926,28.979254,79.728167
397.204840,59.833663,5.933540,12.023956,30.868848,78.564748
398.411520,48.351490,9.714485,8.108850,20.817679,78.435005
399.609820,48.232612,9.618051,7.840277,20.128177,78.284281
400.808120,50.739221,8.355936,7.666968,19.683244,77.900173
402.006420,45.642924,10.588026,6.278386,16.118367,79.578951
403.204720,40.865126,13.288883,5.292384,13.587026,79.576054
404.403020,43.826771,11.509825,6.012880,15.436738,79.994351
405.601320,44.115923,11.340898,6.086335,15.625318,79.932455
406.830340,46.100010,10.394582,6.541796,16.794614,79.399216
408.028640,40.183769,13.859681,4.917805,12.625376,77.803871
409.226940,47.062180,9.946040,7.014796,18.008937,78.582990
410.425240,46.984321,10.017884,7.170324,18.408222,78.261581
411.623540,45.101867,10.883028,6.359887,16.327603,79.643003
412.816940,44.728599,11.063375,6.312275,16.205370,79.700082
414.002240,46.987469,9.954500,6.933617,17.800529,78.740824
415.200550,50.082347,8.648754,7.653220,19.647948,77.554561
416.413340,44.840142,11.265946,7.179232,18.431090,78.242452
417.601830,45.402940,11.095340,7.249361,18.611131,78.089133
418.820040,45.829380,10.767047,7.205929,18.499628,78.184630
420.004110,46.714753,10.302166,7.673159,19.699139,77.914386
421.217630,47.909246,9.784762,8.040645,20.642577,78.656722
422.403580,49.610199,9.146909,8.518010,21.868106,77.738365
423.626070,45.874443,10.700729,7.088546,18.198275,78.433613
424.811810,49.098551,9.388233,8.116633,20.837659,78.032736
426.024500,41.178653,13.533639,5.874316,15.081007,80.093408
427.218320,46.176680,10.720139,7.271239,18.667298,78.040358
428.404060,46.312765,10.645676,7.579844,19.459573,77.696708
429.604380,47.257719,10.011970,7.418354,19.044984,77.700996
430.816190,48.063944,9.677732,8.049188,20.664509,78.580627
432.018350,52.565760,8.037355,9.883332,25.373269,78.880440
433.216900,51.740822,8.484522,9.071388,23.288781,78.482327
434.404110,48.188431,9.451789,7.397863,18.992376,77.749366
435.625700,49.376326,8.951478,7.707846,19.788189,77.874712
436.818210,49.245951,9.077870,7.833820,20.111600,77.949402
438.010720,52.853583,7.736413,8.957353,22.996022,79.008436
439.203220,51.015656,8.383761,8.491546,21.800167,78.096405
440.424820,51.941256,8.012973,8.538854,21.921619,78.583209
441.617320,51.305156,8.293954,8.526817,21.890716,78.254294
442.815240,52.612427,7.829549,8.979502,23.052886,78.901586
444.019400,54.501064,7.208410,9.376522,24.072147,79.624626
445.223560,54.038854,7.385432,9.401260,24.135654,79.472353
446.427720,53.837376,7.426638,9.243660,23.731052,79.400871
447.601080,53.186319,7.606501,8.977143,23.046830,79.149087
448.802440,52.517717,7.818369,8.697327,22.328463,78.858508
450.008180,50.073806,8.806375,7.994018,20.522873,77.549385
451.221160,49.873253,8.792743,7.910921,20.309540,77.581480
452.403830,50.332474,8.585878,7.951803,20.414494,77.704496
453.606660,49.696580,8.820792,7.758992,19.919494,77.687198
454.818850,50.574169,8.491732,8.023426,20.598370,77.846142
456.022970,47.829172,9.585562,7.232450,18.567716,78.126510
457.208230,49.792408,8.892000,8.110867,20.822856,77.630056
458.423120,48.358527,9.515579,8.037744,20.635129,78.431368
459.616300,50.543257,8.562391,8.354981,21.449564,77.828175
460.810160,50.295715,8.725427,7.871223,20.207623,77.682627
462.006670,51.349837,8.312049,8.771679,22.519346,78.278263
463.203180,50.666593,8.595997,8.718072,22.381722,77.899437
464.425950,46.995937,10.088920,7.134916,18.317320,78.336907
465.602610,46.169451,10.474479,7.276617,18.681103,78.028289
466.818040,47.246279,9.923903,7.406795,19.015308,77.728368
468.002310,45.881646,10.579698,7.079320,18.174588,78.452628
469.217740,49.239880,9.003095,7.517010,19.298259,77.545905
470.402010,44.464278,11.158689,6.134934,15.750086,79.887801
471.617440,41.925791,12.690894,5.665801,14.545690,80.200855
472.801710,44.443803,11.260095,6.473796,16.620038,79.495098
474.017140,45.062359,10.985660,6.803169,17.465631,78.979487
475.201410,46.950717,10.066259,7.283310,18.698287,78.013206
476.407490,45.937234,10.444282,6.584951,16.905404,79.335476
477.602970,44.824118,11.361852,6.278043,16.117485,79.739366
478.800560,41.704700,13.003035,5.653969,14.515315,80.205517
480.006780,39.094554,14.941805,5.307655,13.626229,77.023384
481.221260,47.328695,9.859718,7.314014,18.777114,77.943638
482.408140,50.463545,8.581506,8.137243,20.890571,77.781713
483.622620,48.885683,9.156549,7.599683,19.510504,77.743610
484.809500,53.304369,7.533737,8.726902,22.404389,79.197066
486.023980,51.535416,8.158349,8.331488,21.389251,78.376295
487.210860,47.193929,9.912261,7.241398,18.590687,78.106787
488.425340,47.870637,9.679060,7.668387,19.686887,77.903436
489.608890,49.387551,9.036748,8.082995,20.751302,77.868256
490.825130,51.771995,8.137348,8.725125,22.399828,78.498194
492.011950,51.289738,8.347530,8.707086,22.353518,78.246030
493.225740,51.471668,8.202239,8.457399,21.712500,78.342880
494.412560,49.361016,9.048242,8.108122,20.815810,77.883515
495.626350,51.515157,8.229460,8.562413,21.982102,78.365699
496.813170,50.910167,8.390361,8.258804,21.202651,78.037626
498.026970,49.608963,8.939979,8.075015,20.730815,77.739091
499.213790,51.926268,8.120976,8.968357,23.024273,78.575760
500.400600,48.372776,9.548283,8.077897,20.738212,78.424020
501.612530,48.435856,9.513056,8.137170,20.890382,78.391308
502.821660,52.690662,7.869014,9.292732,23.857035,78.936699
504.006610,56.358301,6.642305,9.970691,25.597544,80.069797
505.215740,56.315171,6.798976,9.862026,25.318570,80.062479
506.407940,53.390219,7.830668,9.947011,25.536751,79.231313
507.604980,55.992672,6.993233,10.094067,25.914285,80.003125
508.815300,53.194252,7.778150,9.065351,23.273283,79.152344
510.012250,56.935909,6.507181,10.261631,26.344469,80.155199
511.209200,59.615671,5.858689,11.281824,28.963587,79.735113
512.423140,58.840396,6.028599,10.781503,27.679125,80.147215
513.610760,57.726516,6.249015,10.173232,26.117522,80.235260
514.827330,53.735775,7.449923,8.954791,22.989444,79.363660
516.004730,53.972154,7.329014,9.040217,23.208758,79.449043
517.201800,46.595208,10.268056,7.029512,18.046716,78.553628
518.424890,51.513413,8.265704,8.876729,22.789039,78.364787
519.606340,50.619217,8.649614,8.865623,22.760525,77.872150
520.822340,53.061982,7.732013,9.416844,24.175663,79.097459
522.004390,48.391821,9.781501,7.493256,19.237277,77.521017
523.222380,51.295532,8.476433,8.727534,22.406013,78.249137
524.416940,53.684659,7.638516,9.737054,24.997732,79.344640
525.623210,57.993868,6.326290,10.822781,27.785096,80.124476
526.808410,56.431809,6.696651,10.254981,26.327394,80.082044
528.019370,59.922258,5.766061,11.235484,28.844619,79.786164
529.204560,57.521521,6.391648,10.624033,27.274854,80.216743
530.415520,54.722563,7.258756,9.645775,24.763395,79.691751
531.614550,47.649945,10.098020,8.081153,20.746573,78.768776
532.820530,50.537688,8.804549,9.455424,24.274710,77.824928
534.025050,51.207215,8.493152,9.081767,23.315428,78.201443
535.204300,49.045369,9.277244,8.390060,21.539623,78.062451
536.416870,53.863579,7.575827,10.028343,25.745551,79.410353
537.603900,51.384577,9.528650,8.672737,22.265332,78.296775
538.821690,47.555113,10.391197,8.268280,21.226980,78.824968
540.014110,54.077376,7.656834,10.106651,25.946590,79.485681
541.206530,59.266079,5.889568,10.818740,27.774722,80.126787
542.424320,59.323548,5.919013,10.626076,27.280101,80.216004
543.616740,54.934613,7.045690,9.421806,24.188402,79.752439
544.809160,53.759772,7.471308,9.317911,23.921675,79.372527
546.001580,53.407379,7.653600,9.682172,24.856836,79.238097
547.219370,53.948614,7.445744,9.643431,24.757376,79.440720
548.411790,54.256256,7.351405,9.715366,24.942054,79.546018
549.624510,56.597691,6.583965,9.957019,25.562444,80.108098
550.824540,54.045063,7.546747,8.871795,22.776370,79.474507
552.021510,49.244751,9.190918,8.201706,21.056066,77.950088
553.219910,54.778135,7.191328,9.716719,24.945527,79.708006
554.418320,54.776271,7.120289,9.388583,24.103110,79.707466
555.605730,54.836575,7.099248,9.535385,24.479991,79.724819
556.805520,59.579756,5.889588,10.977902,28.183335,80.021553
558.004900,64.751928,4.863682,13.586095,34.879294,79.574851
559.206480,63.393764,5.571311,15.842170,40.671268,80.297275
560.415520,67.549832,4.559579,16.755620,43.016348,80.297275
561.604060,63.456362,5.565959,13.988547,35.912499,79.995492
562.813090,56.390637,7.617708,11.854054,30.432660,78.888627
564.014950,59.144327,6.420040,12.422409,31.891786,77.691340
565.212570,58.705505,6.302356,11.744575,30.151598,79.080494
566.412660,48.891933,9.260332,7.884587,20.241931,78.147349
567.612760,52.296604,8.050883,8.748531,22.459919,78.755548
568.817720,45.011513,11.661136,7.260259,18.639110,78.064860
570.000530,47.106634,10.295673,7.640409,19.615061,77.838869
571.201080,54.089844,7.348009,9.139549,23.463770,79.489975
572.407160,52.864206,7.820874,8.948678,22.973750,79.013047
573.618480,50.698479,8.709981,8.710148,22.361378,77.917730
574.821270,50.307731,9.052562,8.073404,20.726679,77.689770
576.003410,55.365661,7.608368,10.015554,25.712719,79.865019
577.204000,67.206818,4.558421,15.802282,40.568863,80.297275
578.401120,61.054641,5.843141,13.649514,35.042108,79.654484
579.606040,61.574535,5.762940,13.296334,34.135395,79.148683
580.807240,58.777388,6.540765,12.794191,32.846254,78.184891
582.001900,68.188218,4.582471,16.415709,42.143700,80.297275
583.203120,64.229808,5.209026,14.748397,37.863245,80.291170
584.405060,62.279332,5.579312,13.232601,33.971777,79.041614
585.614890,68.466369,4.399333,15.841731,40.670140,80.297275
586.812920,63.337457,5.264153,13.786404,35.393543,79.809355
588.017960,61.648852,5.831466,13.524689,34.721647,79.493027
589.200500,51.607050,8.723127,10.876575,27.923200,78.413596
590.415160,59.520220,6.531652,14.474648,37.160457,80.247579
591.613740,65.948990,5.225244,16.977776,43.586684,80.297275
592.814450,65.970543,4.905391,15.931479,40.900547,80.297275
594.014840,62.998661,5.735422,14.797574,37.989498,80.293987
595.202090,52.619228,9.741620,11.927284,30.620663,78.752834
596.412280,65.595615,5.352333,16.404817,42.115738,80.297275
597.617620,64.367475,6.110255,17.119079,43.949449,80.297275
598.811250,64.712508,5.379743,16.671104,42.799372,80.297275
600.004550,69.628644,5.243622,17.816019,45.738687,80.297275
601.216410,71.551049,4.456567,18.850623,48.394805,80.297275
602.413840,82.934618,3.047257,22.483022,57.720184,80.297275
603.610430,77.035299,3.523727,21.800347,55.967569,80.297275
604.812320,89.860836,2.230937,25.998580,66.745603,80.297275
606.014530,100.055360,1.947408,30.101540,77.279045,80.297275
607.206210,109.437350,1.684353,33.029382,84.795632,80.297275
608.407330,89.712912,2.570534,25.786029,66.199925,80.297275
609.606100,98.862579,1.825745,29.336817,75.315788,80.297275
610.812040,71.688009,6.617454,20.304795,52.128070,80.297275
612.012040,100.143570,2.432656,31.755243,81.524562,80.297275
613.206430,112.252410,1.688950,34.263022,87.962729,80.297275
614.414230,101.432250,2.061351,30.627277,78.628757,80.297275
615.609730,88.329266,2.742234,25.994687,66.735609,80.297275
616.800290,88.631741,2.439920,25.381745,65.162015,80.297275
618.003510,94.808248,2.764438,29.422880,75.536737,80.297275
619.208330,91.629942,2.659604,26.992077,69.296187,80.297275
620.403830,95.557083,2.280722,27.573972,70.790073,80.297275
621.608180,96.318589,2.330920,28.481605,73.120221,80.297275
622.814960,87.444884,2.616356,25.773383,66.167459,80.297275
624.013200,90.662430,2.274191,26.012963,66.782528,80.297275
625.200150,86.920418,2.618681,24.906419,63.941721,80.297275
626.403300,112.443240,1.777560,34.960135,89.752413,80.297275
627.607090,93.276808,2.354093,26.164464,67.171473,80.297275
628.801820,98.928356,2.776319,29.978041,76.961989,80.297275
630.008670,110.245380,1.669952,33.676433,86.456792,80.297275
631.203040,71.753328,6.021792,19.679901,50.523792,80.297275
632.403770,86.381220,2.498373,25.505705,65.480256,80.297275
633.605770,107.882440,1.922997,33.677225,86.458826,80.297275
634.803610,105.246310,1.814929,32.082289,82.364179,80.297275
636.001360,115.793560,1.714594,35.446182,91.000231,80.297275
637.206870,99.886218,1.875182,29.491594,75.713144,80.297275
638.408890,89.528601,2.608894,26.613106,68.323262,80.297275
639.610910,96.962741,4.064501,27.402443,70.349711,80.297275
640.814710,99.007480,2.758083,30.310094,77.814462,80.297275
642.013810,112.889000,1.763345,34.865306,89.508960,80.297275
643.214050,99.633170,2.722115,30.860268,79.226912,80.297275
644.408670,119.644690,1.891236,38.891493,99.845305,80.297275
645.606250,122.878290,1.783347,38.191078,98.047143,80.297275
646.810020,107.076910,2.083864,32.630413,83.771367,80.297275
648.005540,100.589430,2.095391,31.427146,80.682244,80.297275
649.202040,105.635670,1.985781,33.986872,87.253776,80.297275
650.400390,119.615270,1.768315,37.592245,96.509773,80.297275
651.605910,107.025110,2.123552,32.648943,83.818937,80.297275
652.810630,105.699980,1.993088,33.113136,85.010650,80.297275
654.010560,102.188640,2.375581,30.383271,78.002326,80.297275
655.214070,94.314591,2.403402,28.043609,71.995763,80.297275
656.406820,111.845000,1.828543,35.543356,91.249704,80.297275
657.603800,121.821330,1.785064,38.194020,98.054696,80.297275
658.800200,94.774067,2.547068,29.807572,76.524348,80.297275
660.008250,114.160580,1.980171,37.249773,95.630552,80.297275
661.212580,114.238570,1.903311,35.529045,91.212963,80.297275
662.403520,124.571420,1.796750,38.724468,99.416506,80.297275
663.608950,122.371750,1.794590,38.638747,99.196434,80.297275
664.812180,112.717070,1.803420,35.510819,91.166172,80.297275
666.001520,143.798430,2.114502,48.436883,124.350980,80.297275
667.204600,112.075410,2.118631,35.414908,90.919943,80.297275
668.407030,149.700440,2.090155,50.426250,129.458240,80.297275
669.603690,121.006750,1.733718,36.214821,92.973540,80.297275
670.800510,120.963590,1.845058,40.650556,104.361310,80.297275
672.001830,120.779700,2.205778,38.354366,98.466349,80.297275
673.204800,129.564590,1.932569,44.137125,113.312310,80.297275
674.404330,122.344030,1.911292,39.465946,101.320090,80.297275
675.604570,127.827690,1.866628,41.347547,106.150680,80.297275
676.808320,136.661090,1.959565,45.215373,116.080470,80.297275
678.005420,110.330410,2.425694,35.809363,91.932618,80.297275
679.215190,97.931011,2.322594,29.025427,74.516363,80.297275
680.406800,100.427600,2.706836,30.807679,79.091901,80.297275
681.606780,84.203327,3.170930,22.438168,57.605031,80.297275
682.802490,104.936720,2.328415,30.358282,77.938174,80.297275
684.014520,120.314280,2.174207,39.303248,100.902390,80.297275
685.209070,107.508640,1.834791,32.071358,82.336116,80.297275
686.403980,103.322870,1.829394,30.614813,78.596761,80.297275
687.604490,104.906090,2.726303,31.852682,81.774715,80.297275
688.806590,106.030850,2.037585,31.730582,81.461249,80.297275
690.001300,98.955000,2.667469,30.472382,78.231100,80.297275
691.212940,107.043620,1.906211,31.662763,81.287140,80.297275
692.411240,83.719059,2.684457,24.358082,62.533987,80.297275
693.605780,85.661720,3.391567,24.093722,61.855301,80.297275
694.801970,95.576117,2.086447,28.560088,73.321709,80.297275
696.012280,118.471240,2.028802,37.549032,96.398833,80.297275
697.202710,112.719900,1.824939,33.910751,87.058351,80.297275
698.403380,99.201972,1.877168,29.088859,74.679210,80.297275
699.611850,94.902272,2.305950,25.931673,66.573833,80.297275
700.805420,114.571980,2.932745,39.360645,101.049750,80.297275
702.000650,78.635489,4.026940,21.511619,55.226322,80.297275
703.210920,90.423410,2.681153,25.486135,65.430013,80.297275
704.401700,102.186590,2.564949,32.466795,83.351315,80.297275
705.610010,108.848720,1.840985,32.148690,82.534651,80.297275
706.804700,102.289580,1.859298,29.786463,76.470154,80.297275
708.001600,129.367060,1.948720,41.539650,106.643860,80.297275
709.203850,108.903230,1.995962,32.418179,83.226504,80.297275
710.405210,98.562615,1.788382,27.446442,70.462669,80.297275
711.611390,88.077078,2.685365,23.805630,61.115689,80.297275
712.803020,93.629264,2.610765,27.241825,69.937360,80.297275
714.010850,112.556200,1.659954,32.639383,83.794395,80.297275
715.208280,116.131560,1.802552,36.469415,93.627154,80.297275
716.407930,95.295116,2.659051,26.749842,68.674301,80.297275
717.604360,78.141461,6.176880,21.743581,55.821833,80.297275
718.801840,88.934109,3.149705,26.218807,67.310988,80.297275
720.015920,83.545134,2.848382,23.158542,59.454432,80.297275
721.212760,114.874280,1.772205,32.799679,84.205920,80.297275
722.403310,126.988990,1.807722,39.085718,100.343930,80.297275
723.604710,123.680660,1.798311,38.642455,99.205955,80.297275
724.813330,103.873850,2.459931,33.319095,85.539406,80.297275
726.012460,107.576580,1.813333,32.037439,82.249037,80.297275
727.205690,118.524140,1.793978,36.384397,93.408891,80.297275
728.409880,122.724610,1.757158,37.049749,95.117034,80.297275
729.608050,114.329000,1.693386,34.609142,88.851315,80.297275
730.800430,108.147640,2.109936,34.353641,88.195372,80.297275
732.013260,100.849930,1.722101,30.241374,77.638036,80.297275
733.212700,104.813060,2.779470,31.527289,80.939340,80.297275
734.401500,98.877076,2.590958,28.617052,73.467950,80.297275
735.610940,90.004931,3.065662,26.095065,66.993307,80.297275
736.815730,114.702600,1.729708,35.517733,91.183922,80.297275
738.011010,96.926712,4.142301,28.263980,72.561516,80.297275
739.213830,97.931408,3.109202,28.857491,74.085223,80.297275
740.405600,106.856480,3.421651,34.233673,87.887382,80.297275
741.602560,116.971730,3.658340,36.125137,92.743296,80.297275
742.807290,90.588299,4.192058,26.159807,67.159518,80.297275
744.004570,87.777152,5.237183,26.474200,67.966651,80.297275
745.202230,91.808309,2.327265,25.143644,64.550744,80.297275
746.408940,94.217243,3.035649,28.303083,72.661905,80.297275
747.604940,118.361950,1.834683,36.841681,94.582866,80.297275
748.813960,91.868724,2.213071,25.908796,66.515103,80.297275
750.006840,128.409760,1.829138,40.014186,102.727570,80.297275
751.205030,103.358390,1.960456,30.927617,79.399814,80.297275
752.406900,140.799790,1.997072,46.708604,119.914010,80.297275
753.600800,149.779860,2.016220,47.488041,121.915040,80.297275
754.812350,177.745990,2.368417,61.542937,157.997880,80.297275
756.009520,140.856980,1.904950,43.039694,110.494890,80.297275
757.200600,123.459800,1.911941,40.570685,104.156260,80.297275
758.404210,180.265970,2.414910,63.394290,162.750820,80.297275
759.611330,144.492480,2.001613,46.890040,120.379810,80.297275
760.809310,167.136140,2.149984,52.811164,135.580980,80.297275
762.010530,156.341590,2.097592,50.715732,130.201420,80.297275
763.208150,169.835300,2.257769,57.111712,146.621690,80.297275
764.411250,163.055630,2.193767,54.563528,140.079790,80.297275
765.607130,133.352980,2.166005,41.757560,107.203300,80.297275
766.811180,135.757540,1.868350,41.577817,106.741850,80.297275
768.000360,127.282900,1.841607,39.979412,102.638300,80.297275
769.207130,115.327950,2.682807,35.804352,91.919754,80.297275
770.407470,123.915550,1.897971,39.482397,101.362320,80.297275
771.611670,144.747630,2.025007,46.118718,118.399600,80.297275
772.803110,156.181180,2.101994,50.893533,130.657890,80.297275
774.000360,124.510290,1.773437,37.493983,96.257508,80.297275
775.204900,162.396790,2.100379,50.829406,130.493260,80.297275
776.404830,138.329120,1.870461,41.663232,106.961130,80.297275
777.606560,155.754920,2.060226,49.226100,126.377120,80.297275
778.806700,158.298520,2.128853,51.967781,133.415780,80.297275
780.008400,168.529920,2.185748,54.233465,139.232420,80.297275
781.209680,136.724240,1.867064,41.529683,106.618270,80.297275
782.407320,159.879800,2.102116,50.899994,130.674480,80.297275
783.600640,137.095320,1.910167,42.266218,108.509160,80.297275
784.806960,127.455290,2.056338,39.629387,101.739680,80.297275
786.006120,126.706800,1.942555,40.031943,102.773160,80.297275
787.208690,135.892510,1.939017,43.677022,112.131090,80.297275
788.406020,136.504550,1.915553,43.458706,111.570610,80.297275
789.606010,148.922100,2.027368,47.918847,123.021040,80.297275
790.804030,162.398170,2.209231,55.181247,141.665640,80.297275
792.003770,159.616200,2.206528,55.067853,141.374530,80.297275
793.207450,148.980990,2.103998,50.979816,130.879400,80.297275
794.403790,169.920100,2.309661,59.181399,151.935150,80.297275
795.611940,167.019770,2.208116,55.134119,141.544650,80.297275
796.802350,165.959140,2.264478,55.921367,143.565740,80.297275
798.000720,162.934120,2.169848,53.598196,137.601510,80.297275
799.202520,177.101520,2.387405,61.347928,157.497230,80.297275
800.407860,157.879340,2.593171,57.220403,146.900730,80.297275
801.610600,130.783390,2.918809,39.894423,102.420110,80.297275
802.808960,147.152460,2.059990,48.588204,124.739470,80.297275
804.004090,188.532390,2.386068,62.232519,159.768220,80.297275
805.209700,170.451730,2.210240,55.217945,141.759860,80.297275
806.408080,139.160300,1.961996,45.312883,116.330800,80.297275
807.609530,132.517480,2.295034,38.966743,100.038490,80.297275
808.801290,190.535080,2.478403,65.930992,169.263240,80.297275
810.001200,180.958290,2.299613,58.785219,150.918050,80.297275
811.209990,170.716760,2.137476,52.316329,134.310600,80.297275
812.405440,170.480430,2.238458,56.338671,144.637070,80.297275
813.608640,154.055430,2.073680,49.765560,127.762070,80.297275
814.809530,190.141330,2.507317,67.116122,172.305800,80.297275
816.004240,171.793790,2.380618,60.518096,155.366820,80.297275
817.211230,148.169260,2.070237,46.663751,119.798860,80.297275
818.408080,165.265310,2.211994,53.305031,136.848880,80.297275
819.601740,165.091750,3.595353,55.724423,143.060130,80.297275
820.809080,171.721890,2.421532,60.232710,154.634160,80.297275
822.002900,207.862400,2.665323,73.402933,188.445790,80.297275
823.212080,153.045040,2.067148,49.517013,127.123980,80.297275
824.409360,146.034270,1.948407,44.770333,114.937930,80.297275
825.602010,162.759220,2.199902,52.450338,134.654640,80.297275
826.811780,111.711200,3.247301,35.339297,90.725827,80.297275
828.001810,160.794790,2.112993,51.332973,131.786050,80.297275
829.208740,171.136040,2.183623,54.150573,139.019620,80.297275
830.411150,160.522640,2.188017,54.327264,139.473230,80.297275
831.604290,179.930200,2.366422,61.444220,157.744440,80.297275
832.802810,161.373050,2.133506,52.148432,133.879560,80.297275
834.001080,188.504260,2.382347,62.082287,159.382540,80.297275
835.207810,148.279710,2.005514,47.044455,120.776230,80.297275
836.401610,173.385760,2.266460,57.466571,147.532710,80.297275
837.600130,134.386710,1.935376,44.252477,113.608440,80.297275
838.810910,138.999080,1.895134,42.297304,108.588970,80.297275
840.005210,162.350520,2.129026,51.957414,133.389170,80.297275
841.209270,208.000850,2.590833,70.426007,180.803190,80.297275
842.408300,156.500280,2.229136,51.219264,131.494130,80.297275
843.612290,138.329310,2.644979,42.674025,109.556120,80.297275
844.801240,143.142490,1.984748,46.220202,118.660140,80.297275
846.005000,169.116550,2.264182,57.028045,146.406890,80.297275
847.208860,201.217380,2.589054,70.355974,180.623400,80.297275
848.404800,182.799490,2.317841,59.507501,152.772340,80.297275
849.613580,200.619400,2.642428,72.537352,186.223600,80.297275
850.810080,209.299170,2.526994,67.875107,174.254320,80.297275
852.004670,184.276670,2.429568,63.976096,164.244470,80.297275
853.203770,180.976000,2.442651,64.506603,165.606430,80.297275
854.408660,185.419490,2.392749,62.496807,160.446730,80.297275
855.608900,191.213070,2.465879,65.428017,167.971960,80.297275
856.803710,210.338920,2.549668,68.766777,176.543490,80.297275
858.010640,193.987350,2.473589,65.725338,168.735260,80.297275
859.210990,219.815820,2.735622,76.205981,195.642000,80.297275
860.410970,222.185500,2.750209,76.788896,197.138500,80.297275
861.604750,179.937580,2.361046,61.177130,157.058750,80.297275
862.805310,178.708910,2.560213,60.650644,155.707110,80.297275
864.003840,150.008050,2.193372,47.186025,121.139680,80.297275
865.208550,168.543330,2.239300,56.380279,144.743890,80.297275
866.409270,190.861980,2.404738,62.988533,161.709120,80.297275
867.601490,168.627000,2.250144,56.818449,145.868800,80.297275
868.802730,172.152170,2.345243,60.606675,155.594230,80.297275
870.009950,192.913900,2.484759,66.195041,169.941120,80.297275
871.200790,181.275180,2.361205,61.255157,157.259070,80.297275
872.405190,182.829930,2.358239,61.138095,156.958530,80.297275
873.609140,159.102240,2.541446,50.954013,130.813160,80.297275
874.806370,217.810850,2.716229,75.439937,193.675350,80.297275
876.004100,180.577420,2.396524,62.676436,160.907880,80.297275
877.208630,171.241850,2.217464,55.505898,142.499110,80.297275
878.400060,210.672500,2.670358,73.595363,188.939810,80.297275
879.607660,196.417010,2.821252,66.414917,170.505610,80.297275
880.809640,250.218180,2.980656,86.023963,220.847500,80.297275
882.006910,192.444980,2.464642,65.374796,167.835330,80.297275
883.202320,266.583330,3.331287,100.105390,256.998450,80.297275
884.406910,198.508610,2.493562,66.527203,170.793880,80.297275
885.604090,214.532000,2.717509,75.493178,193.812030,80.297275
886.807660,235.433790,2.930108,84.002381,215.657530,80.297275
888.003870,285.146160,3.470024,105.654080,271.243480,80.297275
889.205570,220.633320,2.663626,73.323971,188.243070,80.297275
890.406650,244.661870,3.040601,88.422311,227.004720,80.297275
891.607200,232.195850,2.806680,79.057833,202.963500,80.297275
892.805340,218.066520,2.916884,83.478682,214.313050,80.297275
894.003830,225.180190,2.845934,80.655155,207.064270,80.297275
895.203900,205.175330,2.649018,67.545069,173.407020,80.297275
896.406890,185.417520,3.519143,67.288455,172.748220,80.297275
897.603700,213.301420,2.627845,71.891311,184.565040,80.297275
898.803640,196.752800,2.533001,68.134405,174.920010,80.297275
900.004150,243.163240,3.007373,87.113628,223.644970,80.297275
901.207700,235.940460,3.032099,88.126093,226.244250,80.297275
902.409150,216.612260,2.761611,77.281027,198.401940,80.297275
903.600120,199.993800,2.568351,69.555819,178.569180,80.297275
904.801020,215.956940,2.629168,71.984318,184.803810,80.297275
906.008310,262.295330,3.237683,96.377257,247.427290,80.297275
907.204340,209.284720,2.622112,71.672061,184.002160,80.297275
908.404700,183.820670,2.453898,64.650146,165.974950,80.297275
909.603670,189.755940,2.500654,66.607933,171.001130,80.297275
910.800350,211.570250,2.634550,72.168721,185.277230,80.297275
912.001880,213.957880,2.716142,75.450596,193.702710,80.297275
913.201090,229.128940,2.802311,78.925707,202.624290,80.297275
914.400170,196.037640,2.619993,71.622343,183.874520,80.297275
915.608490,213.443190,2.637512,72.281966,185.567960,80.297275
916.801210,204.977070,2.625233,71.813749,184.365910,80.297275
918.006010,230.934940,2.920272,83.684964,214.842630,80.297275
919.200460,225.163870,2.744819,76.593890,196.637870,80.297275
920.400160,261.339790,3.120299,91.652431,235.297340,80.297275
921.607410,175.877640,2.879699,61.977972,159.114730,80.297275
922.809220,190.062810,2.431004,64.049025,164.431700,80.297275
924.000500,195.457960,2.501331,66.845841,171.611910,80.297275
925.204370,190.628540,2.518810,66.364917,170.377240,80.297275
926.408940,293.683780,3.512129,107.396920,275.717850,80.297275
927.602330,197.242990,2.890908,74.617798,191.564690,80.297275
928.809050,299.956700,3.725212,115.938040,297.645280,80.297275
930.003320,276.283790,3.420905,103.746520,266.346240,80.297275
931.206820,238.470200,3.137745,92.378707,237.161890,80.297275
932.403410,259.021230,3.346932,100.798650,258.778240,80.297275
933.606160,223.509940,2.837211,80.329988,206.229470,80.297275
934.804150,245.600270,3.174150,93.782542,240.765930,80.297275
936.007090,238.529760,3.226227,95.886161,246.166510,80.297275
937.206310,312.304320,4.002715,127.172980,326.488490,80.297275
938.407580,314.976560,3.949663,125.048120,321.033390,80.297275
939.608060,225.360470,2.820220,79.644716,204.470190,80.297275
940.808660,281.594930,3.605967,111.127480,285.295220,80.297275
942.004960,261.857600,3.302708,98.978965,254.106600,80.297275
943.206410,301.694540,3.677592,114.042990,292.780150,80.297275
944.404420,264.765860,3.479353,106.181730,272.598100,80.297275
945.602340,266.948680,3.285684,98.306156,252.379310,80.297275
946.808230,242.377740,3.235129,91.438914,234.749180,80.297275
948.003950,274.884650,3.537901,108.441310,278.399070,80.297275
949.208960,246.418970,3.165676,93.497956,240.035320,80.297275
950.404370,272.826500,3.514868,107.473020,275.913190,80.297275
951.601820,292.441910,3.659267,113.252520,290.750780,80.297275
952.804060,284.931310,3.565800,109.560490,281.272330,80.297275
954.008910,254.198680,3.293178,98.626554,253.201860,80.297275
955.202070,267.877980,3.565359,109.518390,281.164230,80.297275
956.406350,267.535370,3.420810,103.754580,266.366930,80.297275
957.606200,304.229400,3.814412,119.558550,306.940120,80.297275
958.808520,238.192280,3.074724,89.799759,230.541010,80.297275
960.005770,215.829180,2.852946,80.689561,207.152600,80.297275
961.203740,292.839310,3.638245,112.488260,288.788720,80.297275
962.410200,262.981280,3.346520,100.698420,258.520920,80.297275
963.604990,238.683760,3.068205,89.651489,230.160370,80.297275
964.804830,267.375630,3.504290,105.641950,271.212330,80.297275
966.000720,281.569370,3.705873,115.187330,295.717990,80.297275
967.209720,229.506170,2.944488,84.635457,217.282810,80.297275
968.406970,282.864300,3.683596,114.323200,293.499520,80.297275
969.608180,271.557230,3.490791,106.500080,273.415390,80.297275
970.803180,286.551340,3.544814,108.742770,279.173000,80.297275
972.006550,239.421190,3.123686,91.840138,235.779240,80.297275
973.205240,249.914490,3.356773,99.936059,256.563720,80.297275
974.405510,292.606720,3.801620,119.017370,305.550780,80.297275
975.608230,298.214450,3.562361,109.493710,281.100880,80.297275
976.811240,226.564750,2.974036,85.863774,220.436250,80.297275
978.010050,233.801000,3.097730,90.774076,233.042360,80.297275
979.203420,262.415800,3.257714,97.148939,249.408410,80.297275
980.406750,278.083400,3.475886,105.946530,271.994290,80.297275
981.607240,303.951370,3.833919,120.345780,308.961160,80.297275
982.801880,261.023420,3.323548,99.884416,256.431140,80.297275
984.006930,328.067930,4.025339,128.082210,328.822740,80.297275
985.206020,260.319610,3.379756,101.891890,261.584890,80.297275
986.405770,314.743830,3.876112,122.129290,313.539940,80.297275
987.601920,249.222260,3.435309,103.813290,266.517650,80.297275
988.802680,295.884860,3.931507,124.294820,319.099470,80.297275
990.008120,283.107140,3.639860,112.525260,288.883720,80.297275
991.209510,255.833270,3.404354,103.109790,264.711580,80.297275
992.404280,232.244160,3.077792,89.978623,231.000210,80.297275
993.604340,260.651890,3.302472,99.040133,254.263630,80.297275
994.808150,270.732080,3.380671,102.088040,262.088460,80.297275
996.000220,283.414660,3.486575,106.407410,273.177480,80.297275
997.205490,228.943090,3.218317,92.147848,236.569220,80.297275
998.403590,282.565380,3.481000,106.172690,272.574900,80.297275
999.608430,302.241980,3.689667,114.551490,294.085610,80.297275
1000.800500,330.620800,4.448285,145.204730,372.781020,80.297275
1002.009200,224.712590,2.897004,82.713498,212.348610,80.297275
1003.201300,225.759440,3.132624,92.167323,236.619210,80.297275
1004.408600,304.077030,3.713158,115.632500,296.860860,80.297275
1005.606500,272.051490,4.037927,128.432500,329.722040,80.297275
1006.808000,270.127120,3.339675,100.486410,257.976630,80.297275
1008.002200,208.698550,2.952189,84.947513,218.083950,80.297275
1009.207500,243.060750,3.493337,106.845940,274.303330,80.297275
1010.407900,232.357770,3.199231,94.864742,243.544240,80.297275
1011.601200,249.406380,3.235319,96.330482,247.307200,80.297275
1012.804800,263.862460,3.326380,99.950644,256.601170,80.297275
1014.008800,271.768630,3.324807,99.856240,256.358810,80.297275
1015.206000,257.911690,3.309328,99.305301,254.944390,80.297275
1016.402800,291.090060,3.807174,119.287800,306.245030,80.297275
1017.601200,278.529400,3.664406,113.530470,291.464360,80.297275
1018.802700,247.938960,2.977008,85.908690,220.551560,80.297275
1020.005700,280.176840,3.532178,108.199420,277.778070,80.297275
1021.200800,248.336980,3.112524,91.362216,234.552280,80.297275
1022.404300,231.007600,2.898671,82.742800,212.423830,80.297275
1023.602100,222.384890,2.939426,84.419399,216.728130,80.297275
1024.805700,231.912610,3.135613,92.260317,236.857950,80.297275
1026.000300,249.247970,3.254674,97.087905,249.251720,80.297275
1027.206000,236.260060,3.255386,97.095950,249.272370,80.297275
1028.400300,239.918580,3.219576,95.609493,245.456220,80.297275
1029.600600,220.304920,3.029316,83.752547,215.016140,80.297275
1030.803100,277.473620,3.744179,116.841080,299.963620,80.297275
1032.007900,237.764040,3.043459,88.568662,227.380450,80.297275
1033.202100,265.311180,3.717670,115.648790,296.902690,80.297275
1034.403900,234.025040,3.052468,88.977207,228.429300,80.297275
1035.600700,218.933730,2.865805,81.453780,209.114560,80.297275
1036.808400,283.522100,3.496594,106.852590,274.320380,80.297275
1038.001600,189.840760,3.235263,79.081957,203.025430,80.297275
1039.205800,271.546110,3.671284,113.791710,292.135040,80.297275
1040.409800,312.111030,4.156756,133.569340,342.909740,80.297275
1041.606200,305.340200,3.946452,124.995870,320.899240,80.297275
1042.808500,269.171350,3.657959,113.256930,290.762100,80.297275
1044.003000,281.610030,3.806716,119.218290,306.066580,80.297275
1045.204500,255.897390,3.587703,110.474890,283.619840,80.297275
1046.405500,293.087360,3.872605,121.959600,313.104290,80.297275
1047.605000,277.918180,3.829391,120.169280,308.508050,80.297275
1048.800300,235.298030,3.281066,98.124282,251.912390,80.297275
1050.001400,307.768310,4.095431,130.856090,335.944070,80.297275
1051.205800,261.746540,3.392705,102.617370,263.447400,80.297275
1052.404600,280.223170,3.746520,116.909840,300.140150,80.297275
1053.603600,297.242950,3.986141,126.539670,324.862620,80.297275
1054.802200,289.492880,3.765340,117.555600,301.798000,80.297275
1056.004400,280.652050,3.944915,124.519120,319.675300,80.297275
1057.202400,305.022780,4.215797,135.821590,348.691870,80.297275
1058.403500,325.908880,4.287486,138.683410,356.038990,80.297275
1059.601000,307.286680,3.952942,125.260730,321.579210,80.297275
1060.801600,300.394880,3.994175,126.920650,325.840700,80.297275
1062.006300,276.424650,3.654566,113.209680,290.640800,80.297275
1063.209900,334.523870,4.325959,140.133090,359.760700,80.297275
1064.401500,244.566370,3.246898,96.812264,248.544070,80.297275
1065.605400,263.542870,3.520445,107.898590,277.005750,80.297275
1066.804100,320.508120,4.275339,138.138150,354.639140,80.297275
1068.008800,322.909740,3.800888,119.003370,305.514840,80.297275
1069.201600,299.964510,4.087422,130.565980,335.199280,80.297275
1070.409400,327.610340,4.233115,136.524470,350.496360,80.297275
1071.600600,308.011950,4.211751,135.609620,348.147710,80.297275
1072.807600,313.554520,3.880817,122.235200,313.811850,80.297275
1074.000800,334.190040,4.222991,136.091650,349.385210,80.297275
1075.207700,328.919060,4.408184,143.636300,368.754440,80.297275
1076.404200,295.892810,3.925161,124.092870,318.581000,80.297275
1077.605000,305.464970,3.766482,117.629020,301.986500,80.297275
1078.809000,287.351980,3.678519,114.231530,293.264170,80.297275
1080.003700,240.411260,3.420976,103.751530,266.359100,80.297275
1081.203800,328.432820,4.267177,138.024530,354.347440,80.297275
1082.401400,331.832660,4.233887,136.677200,350.888490,80.297275
1083.606100,363.982830,4.554462,149.532770,383.892300,80.297275
1084.800400,285.421080,3.504097,107.076510,274.895260,80.297275
1086.002200,291.361590,4.054676,129.357670,332.097200,80.297275
1087.207700,333.577230,4.358594,141.491450,363.247990,80.297275
1088.406400,366.773160,4.880011,162.765550,417.864550,80.297275
1089.609100,331.994330,4.203739,135.354260,347.492120,80.297275
1090.808700,254.865320,3.193105,94.580947,242.815660,80.297275
1092.006900,319.164360,4.291588,138.897300,356.588090,80.297275
1093.201300,302.174130,3.878475,122.291490,313.956350,80.297275
1094.400400,297.306800,4.021761,128.118680,328.916360,80.297275
1095.600300,348.938340,4.906856,153.298450,393.559850,80.297275
1096.805800,296.873150,3.735032,116.450580,298.961110,80.297275
1098.005000,367.259580,5.251866,172.133540,441.914790,80.297275
1099.210000,317.534970,4.319659,136.842980,351.314070,80.297275
1100.408100,292.989140,3.783662,118.386810,303.931930,80.297275
1101.606900,289.600150,3.888818,122.584420,314.708380,80.297275
1102.803700,273.503820,3.394388,102.781230,263.868080,80.297275
1104.003600,336.485000,4.558029,149.102110,382.786690,80.297275
1105.207300,268.540740,3.507825,107.350090,275.597600,80.297275
1106.400100,414.105510,5.371063,181.398420,465.700310,80.297275
1107.608300,301.972490,3.626644,112.144680,287.906660,80.297275
1108.807400,298.916630,3.685364,114.517830,293.999210,80.297275
1110.008300,350.614200,5.009460,154.857650,397.562760,80.297275
1111.207100,335.989260,4.259673,137.581190,353.209280,80.297275
1112.403400,247.891730,3.063764,89.463238,229.677070,80.297275
1113.600400,323.664970,3.969906,125.805240,322.977120,80.297275
1114.802700,356.104780,4.587282,151.032590,387.742760,80.297275
1116.007400,317.689090,4.121300,131.981300,338.832790,80.297275
1117.200800,335.849790,4.575813,150.476470,386.315050,80.297275
1118.405000,362.052550,4.760950,157.765010,405.026770,80.297275
1119.603500,344.718170,4.518321,148.028120,380.029450,80.297275
1120.804800,351.097600,4.198799,135.007490,346.601850,80.297275
1122.003500,303.279390,3.816923,119.709260,307.327040,80.297275
1123.207200,327.680410,4.209702,135.571290,348.049310,80.297275
1124.401400,235.533060,3.056621,89.122769,228.802990,80.297275
1125.601400,352.588010,4.529844,148.585710,381.460940,80.297275
1126.804300,334.247620,4.240536,136.769650,351.125810,80.297275
1128.002900,314.023600,4.009001,127.405680,327.085910,80.297275
1129.207000,355.025210,4.581458,150.635990,386.724570,80.297275
1130.407900,291.764890,3.759938,117.354170,301.280870,80.297275
1131.610000,284.132930,3.671493,113.916490,292.455390,80.297275
1132.803500,255.969390,3.236289,96.325274,247.293830,80.297275
1134.009000,285.585920,3.571163,109.868380,282.062760,80.297275
1135.208200,268.963230,3.597829,102.555890,263.289560,80.297275
1136.402800,264.914140,3.271438,97.703669,250.832560,80.297275
1137.600400,331.982250,4.485512,146.729690,376.696030,80.297275
1138.802800,301.904920,3.713616,115.486240,296.485370,80.297275
1140.003500,279.013170,3.665297,113.580700,291.593330,80.297275
1141.201100,260.214450,3.294771,98.698115,253.385580,80.297275
1142.404900,304.305730,3.865324,121.596300,312.171600,80.297275
1143.604300,253.537200,3.172503,93.744653,240.668660,80.297275
1144.803400,217.275860,2.853661,81.099234,208.204340,80.297275
1146.000300,287.378960,3.625540,112.017140,287.579240,80.297275
1147.202000,300.090530,4.392688,129.131450,331.516430,80.297275
1148.401800,291.847790,4.841710,126.977740,325.987250,80.297275
1149.600100,231.858270,3.270761,95.140210,244.251440,80.297275
1150.806200,254.837660,3.217249,95.553102,245.311450,80.297275
1152.004100,282.218700,3.475870,105.936660,271.968950,80.297275
1153.208300,249.628590,3.059225,89.236912,229.096030,80.297275
1154.410700,236.696410,3.015705,87.509240,224.660620,80.297275
1155.601900,237.899060,3.022273,87.725184,225.215000,80.297275
1156.808100,288.290490,3.784550,118.447140,304.086840,80.297275
1158.009300,238.469550,3.226247,96.040374,246.562420,80.297275
1159.203700,242.150520,2.954470,85.044288,218.332400,80.297275
1160.401100,234.469570,3.005868,87.096752,223.601640,80.297275
1161.601300,300.936020,3.915615,123.869210,318.006800,80.297275
1162.810400,242.807600,3.052235,89.008084,228.508570,80.297275
1164.004500,263.751580,3.464813,105.733570,271.447550,80.297275
1165.204300,294.878060,3.811771,119.536360,306.883150,80.297275
1166.406300,248.990070,3.337138,100.445390,257.871320,80.297275
1167.608400,233.147920,3.274313,97.847971,251.203020,80.297275
1168.800200,260.406140,3.361561,101.439960,260.424670,80.297275
1170.001400,238.731090,3.247443,96.657817,248.147560,80.297275
1171.202100,255.835020,3.368365,101.669260,261.013340,80.297275
1172.405600,216.262600,2.896242,82.710628,212.341240,80.297275
1173.601800,197.150900,2.728824,75.821871,194.655880,80.297275
1174.805100,212.224370,2.943873,84.754832,217.589280,80.297275
1176.001800,253.357620,3.373336,102.140750,262.223790,80.297275
1177.200000,242.578130,3.159999,93.258129,239.419620,80.297275
1178.403500,240.271270,3.309386,99.354976,255.071920,80.297275
1179.606700,240.309700,3.234815,96.230762,247.051190,80.297275
1180.804300,199.300440,2.699154,74.802783,192.039600,80.297275
1182.006300,285.716600,3.878884,122.191680,313.700120,80.297275
1183.200200,250.373060,3.404531,103.076160,264.625230,80.297275
1184.402200,331.652910,4.404328,143.340950,367.996180,80.297275
1185.602400,344.286860,4.510243,147.752400,379.321610,80.297275
1186.800200,293.351280,3.898721,122.967810,315.692660,80.297275
1188.000900,278.468650,4.035168,122.080830,313.415530,80.297275
1189.201700,267.541800,3.517115,107.698120,276.491100,80.297275
1190.403600,229.111850,3.067865,89.558542,229.921750,80.297275
1191.608900,319.056900,4.265998,137.753260,353.651030,80.297275
1192.810800,314.268760,4.057324,129.495000,332.449770,80.297275
1194.000700,232.687870,3.179451,94.082824,241.536840,80.297275
1195.208100,242.654120,3.415555,103.495800,265.702560,80.297275
1196.404900,216.831560,3.237858,96.604886,248.011670,80.297275
1197.604600,202.964760,2.444896,64.594169,165.831240,80.297275
1198.806400,259.830680,3.718098,115.838710,297.390270,80.297275
1200.000700,224.355090,2.874549,81.879830,210.208350,80.297275
